2022-04-27 23:38:12.238186,1,day,IERS2010 latitude +0.0317 N longitude -165.2857 E elevation 421330.4 m
2022-04-27 23:38:28.851019,2,day,IERS2010 latitude -0.8122 N longitude -164.6917 E elevation 421497.9 m
2022-04-27 23:38:45.470469,3,day,IERS2010 latitude -1.6581 N longitude -164.0959 E elevation 421672.6 m
2022-04-27 23:39:02.012802,4,day,IERS2010 latitude -2.5041 N longitude -163.4993 E elevation 421853.9 m
2022-04-27 23:39:18.561742,5,day,IERS2010 latitude -3.3459 N longitude -162.9047 E elevation 422041.0 m
2022-04-27 23:39:35.157669,6,day,IERS2010 latitude -4.1874 N longitude -162.3087 E elevation 422234.5 m
2022-04-27 23:39:51.693440,7,day,IERS2010 latitude -5.0306 N longitude -161.7098 E elevation 422434.8 m
2022-04-27 23:40:08.298448,8,day,IERS2010 latitude -5.8703 N longitude -161.1111 E elevation 422640.6 m
2022-04-27 23:40:24.911003,9,day,IERS2010 latitude -6.7124 N longitude -160.5081 E elevation 422853.3 m
2022-04-27 23:40:41.499721,10,day,IERS2010 latitude -7.5536 N longitude -159.9027 E elevation 423072.0 m
2022-04-27 23:40:58.055142,11,day,IERS2010 latitude -8.3929 N longitude -159.2954 E elevation 423296.3 m
2022-04-27 23:41:14.658305,12,day,IERS2010 latitude -9.2295 N longitude -158.6863 E elevation 423525.7 m
2022-04-27 23:41:31.259380,13,day,IERS2010 latitude -10.0668 N longitude -158.0724 E elevation 423761.3 m
2022-04-27 23:41:47.783854,14,day,IERS2010 latitude -10.9017 N longitude -157.4557 E elevation 424001.9 m
2022-04-27 23:42:04.334701,15,day,IERS2010 latitude -11.7327 N longitude -156.8370 E elevation 424246.9 m
2022-04-27 23:42:20.893340,16,day,IERS2010 latitude -12.5625 N longitude -156.2138 E elevation 424497.0 m
2022-04-27 23:42:37.640868,17,day,IERS2010 latitude -13.3908 N longitude -155.5858 E elevation 424751.8 m
2022-04-27 23:42:54.237985,18,day,IERS2010 latitude -14.2262 N longitude -154.9462 E elevation 425014.1 m
2022-04-27 23:43:10.828868,19,day,IERS2010 latitude -15.0523 N longitude -154.3068 E elevation 425278.4 m
2022-04-27 23:43:27.381064,20,day,IERS2010 latitude -15.8758 N longitude -153.6622 E elevation 425546.8 m
2022-04-27 23:43:43.975490,21,day,IERS2010 latitude -16.6948 N longitude -153.0136 E elevation 425818.2 m
2022-04-27 23:44:00.565157,22,day,IERS2010 latitude -17.5132 N longitude -152.3571 E elevation 426093.9 m
2022-04-27 23:44:17.110810,23,day,IERS2010 latitude -18.3286 N longitude -151.6944 E elevation 426372.9 m
2022-04-27 23:44:33.681464,24,day,IERS2010 latitude -19.1388 N longitude -151.0267 E elevation 426654.1 m
2022-04-27 23:44:50.234052,25,day,IERS2010 latitude -19.9469 N longitude -150.3510 E elevation 426938.5 m
2022-04-27 23:45:06.853407,26,day,IERS2010 latitude -20.7515 N longitude -149.6680 E elevation 427225.4 m
2022-04-27 23:45:23.434984,27,day,IERS2010 latitude -21.5556 N longitude -148.9746 E elevation 427515.5 m
2022-04-27 23:45:40.114486,28,day,IERS2010 latitude -22.3542 N longitude -148.2744 E elevation 427807.0 m
2022-04-27 23:45:56.744883,29,day,IERS2010 latitude -23.1536 N longitude -147.5612 E elevation 428101.9 m
2022-04-27 23:46:13.296910,30,day,IERS2010 latitude -23.9467 N longitude -146.8410 E elevation 428397.4 m
2022-04-27 23:46:29.929683,31,day,IERS2010 latitude -24.7318 N longitude -146.1146 E elevation 428692.5 m
2022-04-27 23:46:46.522966,32,day,IERS2010 latitude -25.5164 N longitude -145.3745 E elevation 428990.0 m
2022-04-27 23:47:03.096809,33,day,IERS2010 latitude -26.2940 N longitude -144.6262 E elevation 429287.0 m
2022-04-27 23:47:19.710225,34,day,IERS2010 latitude -27.0667 N longitude -143.8672 E elevation 429584.3 m
2022-04-27 23:47:36.310082,35,day,IERS2010 latitude -27.8358 N longitude -143.0953 E elevation 429882.0 m
2022-04-27 23:47:52.922168,36,day,IERS2010 latitude -28.5990 N longitude -142.3122 E elevation 430179.0 m
2022-04-27 23:48:09.529743,37,day,IERS2010 latitude -29.3571 N longitude -141.5163 E elevation 430475.5 m
2022-04-27 23:48:26.142335,38,day,IERS2010 latitude -30.1092 N longitude -140.7078 E elevation 430770.9 m
2022-04-27 23:48:42.749796,39,day,IERS2010 latitude -30.8555 N longitude -139.8858 E elevation 431065.0 m
2022-04-27 23:48:59.346696,40,day,IERS2010 latitude -31.5949 N longitude -139.0506 E elevation 431357.2 m
2022-04-27 23:49:15.912125,41,day,IERS2010 latitude -32.3278 N longitude -138.2009 E elevation 431647.4 m
2022-04-27 23:49:32.525626,42,day,IERS2010 latitude -33.0522 N longitude -137.3385 E elevation 431934.7 m
2022-04-27 23:49:49.107726,43,day,IERS2010 latitude -33.7714 N longitude -136.4583 E elevation 432220.2 m
2022-04-27 23:50:05.727726,44,day,IERS2010 latitude -34.4818 N longitude -135.5640 E elevation 432502.1 m
2022-04-27 23:50:22.330522,45,day,IERS2010 latitude -35.1860 N longitude -134.6513 E elevation 432781.4 m
2022-04-27 23:50:38.927342,46,day,IERS2010 latitude -35.8812 N longitude -133.7226 E elevation 433056.9 m
2022-04-27 23:50:55.542729,47,day,IERS2010 latitude -36.5676 N longitude -132.7769 E elevation 433328.3 m
2022-04-27 23:51:12.113266,48,day,IERS2010 latitude -37.2459 N longitude -131.8121 E elevation 433595.9 m
2022-04-27 23:51:28.731451,49,day,IERS2010 latitude -37.9132 N longitude -130.8315 E elevation 433858.2 m
2022-04-27 23:51:45.293936,50,day,IERS2010 latitude -38.5727 N longitude -129.8291 E elevation 434116.4 m
2022-04-27 23:52:01.864438,51,day,IERS2010 latitude -39.2199 N longitude -128.8106 E elevation 434368.6 m
2022-04-27 23:52:18.495679,52,day,IERS2010 latitude -39.8571 N longitude -127.7717 E elevation 434615.6 m
2022-04-27 23:52:35.120543,53,day,IERS2010 latitude -40.4856 N longitude -126.7084 E elevation 434857.8 m
2022-04-27 23:52:51.679340,54,day,IERS2010 latitude -41.1026 N longitude -125.6244 E elevation 435093.8 m
2022-04-27 23:53:08.257174,55,day,IERS2010 latitude -41.7053 N longitude -124.5235 E elevation 435322.7 m
2022-04-27 23:53:24.885767,56,day,IERS2010 latitude -42.2965 N longitude -123.3996 E elevation 435545.2 m
2022-04-27 23:53:41.457270,57,day,IERS2010 latitude -42.8768 N longitude -122.2496 E elevation 435761.6 m
2022-04-27 23:53:58.086813,58,day,IERS2010 latitude -43.4419 N longitude -121.0811 E elevation 435970.2 m
2022-04-27 23:54:14.705513,59,day,IERS2010 latitude -43.9952 N longitude -119.8855 E elevation 436172.1 m
2022-04-27 23:54:31.316203,60,day,IERS2010 latitude -44.5338 N longitude -118.6674 E elevation 436366.3 m
2022-04-27 23:54:47.932814,61,day,IERS2010 latitude -45.0573 N longitude -117.4263 E elevation 436552.6 m
2022-04-27 23:55:04.544841,62,day,IERS2010 latitude -45.5657 N longitude -116.1610 E elevation 436730.8 m
2022-04-27 23:55:21.204431,63,day,IERS2010 latitude -46.0581 N longitude -114.8723 E elevation 436900.6 m
2022-04-27 23:55:37.827669,64,day,IERS2010 latitude -46.5353 N longitude -113.5558 E elevation 437062.3 m
2022-04-27 23:55:54.451485,65,day,IERS2010 latitude -46.9945 N longitude -112.2183 E elevation 437214.9 m
2022-04-27 23:56:11.071496,66,day,IERS2010 latitude -47.4360 N longitude -110.8570 E elevation 437358.6 m
2022-04-27 23:56:27.685810,67,day,IERS2010 latitude -47.8593 N longitude -109.4725 E elevation 437493.0 m
2022-04-27 23:56:44.303481,68,day,IERS2010 latitude -48.2638 N longitude -108.0652 E elevation 437618.0 m
2022-04-27 23:57:00.931840,69,day,IERS2010 latitude -48.6490 N longitude -106.6346 E elevation 437733.6 m
2022-04-27 23:57:17.528954,70,day,IERS2010 latitude -49.0147 N longitude -105.1808 E elevation 437839.5 m
2022-04-27 23:57:32.970892,71,night,IERS2010 latitude -49.3594 N longitude -103.7079 E elevation 437935.4 m
2022-04-27 23:57:49.559218,72,day,IERS2010 latitude -49.6613 N longitude -102.3186 E elevation 438015.7 m
2022-04-27 23:58:06.142460,73,day,IERS2010 latitude -49.9651 N longitude -100.8068 E elevation 438092.1 m
2022-04-27 23:58:22.709753,74,day,IERS2010 latitude -50.2471 N longitude -99.2757 E elevation 438158.4 m
2022-04-27 23:58:39.277702,75,day,IERS2010 latitude -50.5064 N longitude -97.7288 E elevation 438214.3 m
2022-04-27 23:58:55.862533,76,day,IERS2010 latitude -50.7432 N longitude -96.1644 E elevation 438259.8 m
2022-04-27 23:59:12.445003,77,day,IERS2010 latitude -50.9571 N longitude -94.5826 E elevation 438294.9 m
2022-04-27 23:59:28.765889,78,day,IERS2010 latitude -51.1474 N longitude -92.9867 E elevation 438319.4 m
2022-04-27 23:59:45.364512,79,day,IERS2010 latitude -51.3114 N longitude -91.4034 E elevation 438333.0 m
2022-04-28 00:00:01.878230,80,day,IERS2010 latitude -51.4542 N longitude -89.7819 E elevation 438336.3 m
2022-04-28 00:00:17.327857,81,night,IERS2010 latitude -51.5720 N longitude -88.1595 E elevation 438328.8 m
2022-04-28 00:00:32.705579,82,night,IERS2010 latitude -51.6600 N longitude -86.6340 E elevation 438312.2 m
2022-04-28 00:00:49.306122,83,day,IERS2010 latitude -51.7262 N longitude -85.1101 E elevation 438286.3 m
2022-04-28 00:01:05.935618,84,day,IERS2010 latitude -51.7736 N longitude -83.4610 E elevation 438247.8 m
2022-04-28 00:01:22.537788,85,day,IERS2010 latitude -51.7959 N longitude -81.8062 E elevation 438198.5 m
2022-04-28 00:01:39.151310,86,day,IERS2010 latitude -51.7929 N longitude -80.1536 E elevation 438138.3 m
2022-04-28 00:01:55.776982,87,day,IERS2010 latitude -51.7647 N longitude -78.5012 E elevation 438067.3 m
2022-04-28 00:02:12.385770,88,day,IERS2010 latitude -51.7113 N longitude -76.8498 E elevation 437985.4 m
2022-04-28 00:02:28.999152,89,day,IERS2010 latitude -51.6329 N longitude -75.2053 E elevation 437892.8 m
2022-04-28 00:02:44.458442,90,night,IERS2010 latitude -51.5296 N longitude -73.5672 E elevation 437789.5 m
2022-04-28 00:02:59.921989,91,night,IERS2010 latitude -51.4113 N longitude -72.0507 E elevation 437683.8 m
2022-04-28 00:03:15.388772,92,night,IERS2010 latitude -51.2718 N longitude -70.5435 E elevation 437568.9 m
2022-04-28 00:03:30.852216,93,night,IERS2010 latitude -51.1112 N longitude -69.0443 E elevation 437444.9 m
2022-04-28 00:03:46.319396,94,night,IERS2010 latitude -50.9300 N longitude -67.5578 E elevation 437311.9 m
2022-04-28 00:04:01.759525,95,night,IERS2010 latitude -50.7283 N longitude -66.0836 E elevation 437170.0 m
2022-04-28 00:04:17.228503,96,night,IERS2010 latitude -50.5070 N longitude -64.6262 E elevation 437019.7 m
2022-04-28 00:04:32.696789,97,night,IERS2010 latitude -50.2653 N longitude -63.1797 E elevation 436860.2 m
2022-04-28 00:04:48.165030,98,night,IERS2010 latitude -50.0046 N longitude -61.7509 E elevation 436692.3 m
2022-04-28 00:05:03.633543,99,night,IERS2010 latitude -49.7243 N longitude -60.3361 E elevation 436515.7 m
2022-04-28 00:05:19.102241,100,night,IERS2010 latitude -49.4257 N longitude -58.9400 E elevation 436330.9 m
2022-04-28 00:05:34.569371,101,night,IERS2010 latitude -49.1088 N longitude -57.5619 E elevation 436137.8 m
2022-04-28 00:05:50.039289,102,night,IERS2010 latitude -48.7741 N longitude -56.2027 E elevation 435936.8 m
2022-04-28 00:06:05.505339,103,night,IERS2010 latitude -48.4221 N longitude -54.8624 E elevation 435727.8 m
2022-04-28 00:06:20.971410,104,night,IERS2010 latitude -48.0531 N longitude -53.5421 E elevation 435511.1 m
2022-04-28 00:06:36.437408,105,night,IERS2010 latitude -47.6678 N longitude -52.2418 E elevation 435286.9 m
2022-04-28 00:06:51.903523,106,night,IERS2010 latitude -47.2664 N longitude -50.9618 E elevation 435055.3 m
2022-04-28 00:07:07.373558,107,night,IERS2010 latitude -46.8494 N longitude -49.7023 E elevation 434816.4 m
2022-04-28 00:07:22.839590,108,night,IERS2010 latitude -46.4172 N longitude -48.4630 E elevation 434570.5 m
2022-04-28 00:07:38.309563,109,night,IERS2010 latitude -45.9705 N longitude -47.2447 E elevation 434317.9 m
2022-04-28 00:07:53.778688,110,night,IERS2010 latitude -45.5095 N longitude -46.0469 E elevation 434058.5 m
2022-04-28 00:08:09.250853,111,night,IERS2010 latitude -45.0347 N longitude -44.8697 E elevation 433792.8 m
2022-04-28 00:08:24.721628,112,night,IERS2010 latitude -44.5465 N longitude -43.7129 E elevation 433520.8 m
2022-04-28 00:08:40.190024,113,night,IERS2010 latitude -44.0454 N longitude -42.5766 E elevation 433242.9 m
2022-04-28 00:08:55.662189,114,night,IERS2010 latitude -43.5320 N longitude -41.4608 E elevation 432959.2 m
2022-04-28 00:09:11.128165,115,night,IERS2010 latitude -43.0064 N longitude -40.3646 E elevation 432670.0 m
2022-04-28 00:09:26.592495,116,night,IERS2010 latitude -42.4694 N longitude -39.2886 E elevation 432375.6 m
2022-04-28 00:09:42.060556,117,night,IERS2010 latitude -41.9212 N longitude -38.2322 E elevation 432076.3 m
2022-04-28 00:09:57.524221,118,night,IERS2010 latitude -41.3620 N longitude -37.1946 E elevation 431772.0 m
2022-04-28 00:10:12.989533,119,night,IERS2010 latitude -40.7926 N longitude -36.1762 E elevation 431463.3 m
2022-04-28 00:10:28.452573,120,night,IERS2010 latitude -40.2130 N longitude -35.1760 E elevation 431150.3 m
2022-04-28 00:10:43.924812,121,night,IERS2010 latitude -39.6239 N longitude -34.1940 E elevation 430833.4 m
2022-04-28 00:10:59.387336,122,night,IERS2010 latitude -39.0250 N longitude -33.2291 E elevation 430512.4 m
2022-04-28 00:11:14.848935,123,night,IERS2010 latitude -38.4176 N longitude -32.2823 E elevation 430188.3 m
2022-04-28 00:11:30.313795,124,night,IERS2010 latitude -37.8013 N longitude -31.3519 E elevation 429860.8 m
2022-04-28 00:11:45.775335,125,night,IERS2010 latitude -37.1766 N longitude -30.4380 E elevation 429530.3 m
2022-04-28 00:12:01.241580,126,night,IERS2010 latitude -36.5441 N longitude -29.5402 E elevation 429197.3 m
2022-04-28 00:12:16.706024,127,night,IERS2010 latitude -35.9036 N longitude -28.6578 E elevation 428861.7 m
2022-04-28 00:12:32.171022,128,night,IERS2010 latitude -35.2558 N longitude -27.7905 E elevation 428524.0 m
2022-04-28 00:12:47.639550,129,night,IERS2010 latitude -34.6007 N longitude -26.9380 E elevation 428184.5 m
2022-04-28 00:13:03.106194,130,night,IERS2010 latitude -33.9386 N longitude -26.0995 E elevation 427843.3 m
2022-04-28 00:13:18.572465,131,night,IERS2010 latitude -33.2700 N longitude -25.2750 E elevation 427500.9 m
2022-04-28 00:13:34.042351,132,night,IERS2010 latitude -32.5950 N longitude -24.4640 E elevation 427157.4 m
2022-04-28 00:13:49.514755,133,night,IERS2010 latitude -31.9138 N longitude -23.6658 E elevation 426813.2 m
2022-04-28 00:14:04.984370,134,night,IERS2010 latitude -31.2266 N longitude -22.8801 E elevation 426468.4 m
2022-04-28 00:14:20.450305,135,night,IERS2010 latitude -30.5337 N longitude -22.1066 E elevation 426123.5 m
2022-04-28 00:14:35.917348,136,night,IERS2010 latitude -29.8360 N longitude -21.3454 E elevation 425779.0 m
2022-04-28 00:14:51.380726,137,night,IERS2010 latitude -29.1324 N longitude -20.5949 E elevation 425434.5 m
2022-04-28 00:15:06.842164,138,night,IERS2010 latitude -28.4242 N longitude -19.8559 E elevation 425090.9 m
2022-04-28 00:15:22.303226,139,night,IERS2010 latitude -27.7118 N longitude -19.1280 E elevation 424748.6 m
2022-04-28 00:15:37.764095,140,night,IERS2010 latitude -26.9944 N longitude -18.4099 E elevation 424407.2 m
2022-04-28 00:15:53.225669,141,night,IERS2010 latitude -26.2721 N longitude -17.7012 E elevation 424067.2 m
2022-04-28 00:16:08.688214,142,night,IERS2010 latitude -25.5461 N longitude -17.0023 E elevation 423729.1 m
2022-04-28 00:16:24.149327,143,night,IERS2010 latitude -24.8161 N longitude -16.3127 E elevation 423393.1 m
2022-04-28 00:16:39.611352,144,night,IERS2010 latitude -24.0822 N longitude -15.6318 E elevation 423059.3 m
2022-04-28 00:16:55.071430,145,night,IERS2010 latitude -23.3442 N longitude -14.9589 E elevation 422727.9 m
2022-04-28 00:17:10.534637,146,night,IERS2010 latitude -22.6030 N longitude -14.2944 E elevation 422399.6 m
2022-04-28 00:17:25.998965,147,night,IERS2010 latitude -21.8582 N longitude -13.6375 E elevation 422074.2 m
2022-04-28 00:17:41.466062,148,night,IERS2010 latitude -21.1105 N longitude -12.9881 E elevation 421752.2 m
2022-04-28 00:17:56.933668,149,night,IERS2010 latitude -20.3591 N longitude -12.3454 E elevation 421433.6 m
2022-04-28 00:18:12.400418,150,night,IERS2010 latitude -19.6052 N longitude -11.7098 E elevation 421119.0 m
2022-04-28 00:18:27.867201,151,night,IERS2010 latitude -18.8477 N longitude -11.0800 E elevation 420808.1 m
2022-04-28 00:18:43.337705,152,night,IERS2010 latitude -18.0881 N longitude -10.4568 E elevation 420501.6 m
2022-04-28 00:18:58.807092,153,night,IERS2010 latitude -17.3257 N longitude -9.8392 E elevation 420199.6 m
2022-04-28 00:19:14.273285,154,night,IERS2010 latitude -16.5610 N longitude -9.2273 E elevation 419902.4 m
2022-04-28 00:19:29.743485,155,night,IERS2010 latitude -15.7941 N longitude -8.6207 E elevation 419610.1 m
2022-04-28 00:19:45.209009,156,night,IERS2010 latitude -15.0249 N longitude -8.0190 E elevation 419323.0 m
2022-04-28 00:20:00.673426,157,night,IERS2010 latitude -14.2542 N longitude -7.4224 E elevation 419041.3 m
2022-04-28 00:20:16.145323,158,night,IERS2010 latitude -13.4810 N longitude -6.8298 E elevation 418765.0 m
2022-04-28 00:20:31.611601,159,night,IERS2010 latitude -12.7059 N longitude -6.2413 E elevation 418494.5 m
2022-04-28 00:20:47.077732,160,night,IERS2010 latitude -11.9295 N longitude -5.6569 E elevation 418229.9 m
2022-04-28 00:21:02.542476,161,night,IERS2010 latitude -11.1515 N longitude -5.0762 E elevation 417971.5 m
2022-04-28 00:21:18.009261,162,night,IERS2010 latitude -10.3720 N longitude -4.4989 E elevation 417719.3 m
2022-04-28 00:21:33.477919,163,night,IERS2010 latitude -9.5911 N longitude -3.9247 E elevation 417473.5 m
2022-04-28 00:21:48.944404,164,night,IERS2010 latitude -8.8089 N longitude -3.3532 E elevation 417234.3 m
2022-04-28 00:22:04.415969,165,night,IERS2010 latitude -8.0257 N longitude -2.7845 E elevation 417001.8 m
2022-04-28 00:22:19.883820,166,night,IERS2010 latitude -7.2411 N longitude -2.2180 E elevation 416776.1 m
2022-04-28 00:22:35.352375,167,night,IERS2010 latitude -6.4558 N longitude -1.6537 E elevation 416557.4 m
2022-04-28 00:22:50.821340,168,night,IERS2010 latitude -5.6696 N longitude -1.0913 E elevation 416345.9 m
2022-04-28 00:23:06.291186,169,night,IERS2010 latitude -4.8826 N longitude -0.5306 E elevation 416141.6 m
2022-04-28 00:23:21.758319,170,night,IERS2010 latitude -4.0950 N longitude 0.0288 E elevation 415944.6 m
2022-04-28 00:23:37.228788,171,night,IERS2010 latitude -3.3069 N longitude 0.5869 E elevation 415755.0 m
2022-04-28 00:23:52.698881,172,night,IERS2010 latitude -2.5183 N longitude 1.1441 E elevation 415573.0 m
2022-04-28 00:24:08.165542,173,night,IERS2010 latitude -1.7293 N longitude 1.7006 E elevation 415398.5 m
2022-04-28 00:24:23.632009,174,night,IERS2010 latitude -0.9402 N longitude 2.2565 E elevation 415231.8 m
2022-04-28 00:24:39.101724,175,night,IERS2010 latitude -0.1510 N longitude 2.8122 E elevation 415072.7 m
2022-04-28 00:24:54.567281,176,night,IERS2010 latitude +0.6384 N longitude 3.3680 E elevation 414921.5 m
2022-04-28 00:25:10.036268,177,night,IERS2010 latitude +1.4276 N longitude 3.9238 E elevation 414778.1 m
2022-04-28 00:25:25.502321,178,night,IERS2010 latitude +2.2168 N longitude 4.4802 E elevation 414642.5 m
2022-04-28 00:25:40.967653,179,night,IERS2010 latitude +3.0056 N longitude 5.0371 E elevation 414514.8 m
2022-04-28 00:25:56.434913,180,night,IERS2010 latitude +3.7940 N longitude 5.5950 E elevation 414395.1 m
2022-04-28 00:26:11.913427,181,night,IERS2010 latitude +4.5821 N longitude 6.1541 E elevation 414283.3 m
2022-04-28 00:26:27.386372,182,night,IERS2010 latitude +5.3703 N longitude 6.7150 E elevation 414179.3 m
2022-04-28 00:26:42.852351,183,night,IERS2010 latitude +6.1575 N longitude 7.2773 E elevation 414083.3 m
2022-04-28 00:26:58.326866,184,night,IERS2010 latitude +6.9436 N longitude 7.8412 E elevation 413995.2 m
2022-04-28 00:27:13.796181,185,night,IERS2010 latitude +7.7294 N longitude 8.4075 E elevation 413914.9 m
2022-04-28 00:27:29.264663,186,night,IERS2010 latitude +8.5139 N longitude 8.9760 E elevation 413842.6 m
2022-04-28 00:27:44.734855,187,night,IERS2010 latitude +9.2973 N longitude 9.5470 E elevation 413778.0 m
2022-04-28 00:28:00.203944,188,night,IERS2010 latitude +10.0798 N longitude 10.1211 E elevation 413721.2 m
2022-04-28 00:28:15.669811,189,night,IERS2010 latitude +10.8604 N longitude 10.6977 E elevation 413672.1 m
2022-04-28 00:28:31.137200,190,night,IERS2010 latitude +11.6405 N longitude 11.2783 E elevation 413630.6 m
2022-04-28 00:28:46.600599,191,night,IERS2010 latitude +12.4187 N longitude 11.8623 E elevation 413596.6 m
2022-04-28 00:29:02.036170,192,night,IERS2010 latitude +13.1951 N longitude 12.4499 E elevation 413570.2 m
2022-04-28 00:29:17.498873,193,night,IERS2010 latitude +13.9684 N longitude 13.0406 E elevation 413551.2 m
2022-04-28 00:29:32.961757,194,night,IERS2010 latitude +14.7410 N longitude 13.6365 E elevation 413539.4 m
2022-04-28 00:29:48.427287,195,night,IERS2010 latitude +15.5122 N longitude 14.2376 E elevation 413534.7 m
2022-04-28 00:30:03.933684,196,night,IERS2010 latitude +16.2810 N longitude 14.8433 E elevation 413537.2 m
2022-04-28 00:30:19.398494,197,night,IERS2010 latitude +17.0501 N longitude 15.4562 E elevation 413546.6 m
2022-04-28 00:30:34.861732,198,night,IERS2010 latitude +17.8143 N longitude 16.0726 E elevation 413562.9 m
2022-04-28 00:30:50.321493,199,night,IERS2010 latitude +18.5761 N longitude 16.6948 E elevation 413585.8 m
2022-04-28 00:31:05.783300,200,night,IERS2010 latitude +19.3358 N longitude 17.3235 E elevation 413615.3 m
2022-04-28 00:31:21.245275,201,night,IERS2010 latitude +20.0919 N longitude 17.9580 E elevation 413651.2 m
2022-04-28 00:31:36.707413,202,night,IERS2010 latitude +20.8462 N longitude 18.6000 E elevation 413693.4 m
2022-04-28 00:31:52.168717,203,night,IERS2010 latitude +21.5970 N longitude 19.2487 E elevation 413741.6 m
2022-04-28 00:32:07.634015,204,night,IERS2010 latitude +22.3447 N longitude 19.9047 E elevation 413795.8 m
2022-04-28 00:32:23.099074,205,night,IERS2010 latitude +23.0892 N longitude 20.5685 E elevation 413855.8 m
2022-04-28 00:32:38.562425,206,night,IERS2010 latitude +23.8303 N longitude 21.2404 E elevation 413921.4 m
2022-04-28 00:32:54.034563,207,night,IERS2010 latitude +24.5676 N longitude 21.9206 E elevation 413992.4 m
2022-04-28 00:33:09.496022,208,night,IERS2010 latitude +25.3016 N longitude 22.6100 E elevation 414068.7 m
2022-04-28 00:33:24.958023,209,night,IERS2010 latitude +26.0312 N longitude 23.3079 E elevation 414150.0 m
2022-04-28 00:33:40.420124,210,night,IERS2010 latitude +26.7566 N longitude 24.0153 E elevation 414236.2 m
2022-04-28 00:33:55.882696,211,night,IERS2010 latitude +27.4777 N longitude 24.7326 E elevation 414327.1 m
2022-04-28 00:34:11.347929,212,night,IERS2010 latitude +28.1939 N longitude 25.4596 E elevation 414422.3 m
2022-04-28 00:34:26.810212,213,night,IERS2010 latitude +28.9064 N longitude 26.1982 E elevation 414522.0 m
2022-04-28 00:34:42.282661,214,night,IERS2010 latitude +29.6133 N longitude 26.9472 E elevation 414625.7 m
2022-04-28 00:34:57.744589,215,night,IERS2010 latitude +30.3157 N longitude 27.7081 E elevation 414733.3 m
2022-04-28 00:35:13.210317,216,night,IERS2010 latitude +31.0118 N longitude 28.4798 E elevation 414844.4 m
2022-04-28 00:35:28.681418,217,night,IERS2010 latitude +31.7033 N longitude 29.2647 E elevation 414959.2 m
2022-04-28 00:35:44.142888,218,night,IERS2010 latitude +32.3888 N longitude 30.0622 E elevation 415077.1 m
2022-04-28 00:35:59.606660,219,night,IERS2010 latitude +33.0679 N longitude 30.8721 E elevation 415198.0 m
2022-04-28 00:36:15.069113,220,night,IERS2010 latitude +33.7408 N longitude 31.6956 E elevation 415321.7 m
2022-04-28 00:36:30.537217,221,night,IERS2010 latitude +34.4070 N longitude 32.5329 E elevation 415448.0 m
2022-04-28 00:36:46.005278,222,night,IERS2010 latitude +35.0667 N longitude 33.3848 E elevation 415576.7 m
2022-04-28 00:37:01.469881,223,night,IERS2010 latitude +35.7193 N longitude 34.2515 E elevation 415707.5 m
2022-04-28 00:37:16.936474,224,night,IERS2010 latitude +36.3644 N longitude 35.1332 E elevation 415840.2 m
2022-04-28 00:37:32.405612,225,night,IERS2010 latitude +37.0018 N longitude 36.0306 E elevation 415974.7 m
2022-04-28 00:37:47.872585,226,night,IERS2010 latitude +37.6314 N longitude 36.9443 E elevation 416110.7 m
2022-04-28 00:38:03.341254,227,night,IERS2010 latitude +38.2526 N longitude 37.8743 E elevation 416248.0 m
2022-04-28 00:38:19.921479,228,day,IERS2010 latitude +38.8652 N longitude 38.8213 E elevation 416386.3 m
2022-04-28 00:38:36.518552,229,day,IERS2010 latitude +39.5119 N longitude 39.8556 E elevation 416535.5 m
2022-04-28 00:38:53.124813,230,day,IERS2010 latitude +40.1485 N longitude 40.9115 E elevation 416685.5 m
2022-04-28 00:39:09.721132,231,day,IERS2010 latitude +40.7743 N longitude 41.9890 E elevation 416836.1 m
2022-04-28 00:39:26.325851,232,day,IERS2010 latitude +41.3880 N longitude 43.0872 E elevation 416986.8 m
2022-04-28 00:39:42.907199,233,day,IERS2010 latitude +41.9898 N longitude 44.2079 E elevation 417137.5 m
2022-04-28 00:39:58.344381,234,night,IERS2010 latitude +42.5783 N longitude 45.3494 E elevation 417287.7 m
2022-04-28 00:40:13.790576,235,night,IERS2010 latitude +43.1145 N longitude 46.4325 E elevation 417427.0 m
2022-04-28 00:40:29.237045,236,night,IERS2010 latitude +43.6392 N longitude 47.5361 E elevation 417565.7 m
2022-04-28 00:40:44.685088,237,night,IERS2010 latitude +44.1515 N longitude 48.6598 E elevation 417703.5 m
2022-04-28 00:41:00.125376,238,night,IERS2010 latitude +44.6515 N longitude 49.8044 E elevation 417840.3 m
2022-04-28 00:41:15.568502,239,night,IERS2010 latitude +45.1383 N longitude 50.9690 E elevation 417975.7 m
2022-04-28 00:41:31.015882,240,night,IERS2010 latitude +45.6115 N longitude 52.1545 E elevation 418109.8 m
2022-04-28 00:41:46.455405,241,night,IERS2010 latitude +46.0709 N longitude 53.3609 E elevation 418242.2 m
2022-04-28 00:42:01.900385,242,night,IERS2010 latitude +46.5159 N longitude 54.5880 E elevation 418372.9 m
2022-04-28 00:42:17.347039,243,night,IERS2010 latitude +46.9460 N longitude 55.8362 E elevation 418501.6 m
2022-04-28 00:42:32.786367,244,night,IERS2010 latitude +47.3609 N longitude 57.1053 E elevation 418628.2 m
2022-04-28 00:42:48.229917,245,night,IERS2010 latitude +47.7598 N longitude 58.3942 E elevation 418752.5 m
2022-04-28 00:43:03.676857,246,night,IERS2010 latitude +48.1426 N longitude 59.7038 E elevation 418874.3 m
2022-04-28 00:43:19.119446,247,night,IERS2010 latitude +48.5090 N longitude 61.0346 E elevation 418993.7 m
2022-04-28 00:43:35.716967,248,day,IERS2010 latitude +48.8580 N longitude 62.3842 E elevation 419110.3 m
2022-04-28 00:43:52.331746,249,day,IERS2010 latitude +49.2134 N longitude 63.8558 E elevation 419232.5 m
2022-04-28 00:44:08.942745,250,day,IERS2010 latitude +49.5485 N longitude 65.3512 E elevation 419351.3 m
2022-04-28 00:44:25.563363,251,day,IERS2010 latitude +49.8620 N longitude 66.8667 E elevation 419466.5 m
2022-04-28 00:44:42.191361,252,day,IERS2010 latitude +50.1537 N longitude 68.4030 E elevation 419578.1 m
2022-04-28 00:44:58.808203,253,day,IERS2010 latitude +50.4231 N longitude 69.9589 E elevation 419685.7 m
2022-04-28 00:45:15.428288,254,day,IERS2010 latitude +50.6694 N longitude 71.5310 E elevation 419789.3 m
2022-04-28 00:45:32.046394,255,day,IERS2010 latitude +50.8924 N longitude 73.1206 E elevation 419888.9 m
2022-04-28 00:45:48.660453,256,day,IERS2010 latitude +51.0916 N longitude 74.7245 E elevation 419984.1 m
2022-04-28 00:46:05.319267,257,day,IERS2010 latitude +51.2667 N longitude 76.3417 E elevation 420075.0 m
2022-04-28 00:46:21.971887,258,day,IERS2010 latitude +51.4177 N longitude 77.9752 E elevation 420161.7 m
2022-04-28 00:46:38.586023,259,day,IERS2010 latitude +51.5438 N longitude 79.6183 E elevation 420243.9 m
2022-04-28 00:46:55.238522,260,day,IERS2010 latitude +51.6445 N longitude 81.2662 E elevation 420321.3 m
2022-04-28 00:47:11.905124,261,day,IERS2010 latitude +51.7203 N longitude 82.9244 E elevation 420394.2 m
2022-04-28 00:47:28.515851,262,day,IERS2010 latitude +51.7706 N longitude 84.5889 E elevation 420462.5 m
2022-04-28 00:47:45.116882,263,day,IERS2010 latitude +51.7953 N longitude 86.2507 E elevation 420525.9 m
2022-04-28 00:48:01.732736,264,day,IERS2010 latitude +51.7946 N longitude 87.9123 E elevation 420584.5 m
2022-04-28 00:48:18.308041,265,day,IERS2010 latitude +51.7684 N longitude 89.5743 E elevation 420638.3 m
2022-04-28 00:48:34.937335,266,day,IERS2010 latitude +51.7169 N longitude 91.2293 E elevation 420687.3 m
2022-04-28 00:48:51.548279,267,day,IERS2010 latitude +51.6399 N longitude 92.8848 E elevation 420731.7 m
2022-04-28 00:49:08.161574,268,day,IERS2010 latitude +51.5378 N longitude 94.5317 E elevation 420771.2 m
2022-04-28 00:49:24.770759,269,day,IERS2010 latitude +51.4108 N longitude 96.1703 E elevation 420806.0 m
2022-04-28 00:49:41.337901,270,day,IERS2010 latitude +51.2591 N longitude 97.7979 E elevation 420836.1 m
2022-04-28 00:49:57.878981,271,day,IERS2010 latitude +51.0835 N longitude 99.4095 E elevation 420861.4 m
2022-04-28 00:50:14.419502,272,day,IERS2010 latitude +50.8844 N longitude 101.0046 E elevation 420882.2 m
2022-04-28 00:50:31.017337,273,day,IERS2010 latitude +50.6616 N longitude 102.5856 E elevation 420898.3 m
2022-04-28 00:50:47.608871,274,day,IERS2010 latitude +50.4150 N longitude 104.1549 E elevation 420910.1 m
2022-04-28 00:51:04.148511,275,day,IERS2010 latitude +50.1455 N longitude 105.7064 E elevation 420917.4 m
2022-04-28 00:51:20.689843,276,day,IERS2010 latitude +49.8548 N longitude 107.2341 E elevation 420920.4 m
2022-04-28 00:51:37.277446,277,day,IERS2010 latitude +49.5423 N longitude 108.7422 E elevation 420919.2 m
2022-04-28 00:51:53.864803,278,day,IERS2010 latitude +49.2076 N longitude 110.2336 E elevation 420913.9 m
2022-04-28 00:52:10.388372,279,day,IERS2010 latitude +48.8521 N longitude 111.7037 E elevation 420904.5 m
2022-04-28 00:52:26.930389,280,day,IERS2010 latitude +48.4780 N longitude 113.1457 E elevation 420891.3 m
2022-04-28 00:52:43.507767,281,day,IERS2010 latitude +48.0838 N longitude 114.5669 E elevation 420874.3 m
2022-04-28 00:53:00.033872,282,day,IERS2010 latitude +47.6697 N longitude 115.9678 E elevation 420853.7 m
2022-04-28 00:53:16.631141,283,day,IERS2010 latitude +47.2384 N longitude 117.3409 E elevation 420829.6 m
2022-04-28 00:53:33.224980,284,day,IERS2010 latitude +46.7873 N longitude 118.6961 E elevation 420802.1 m
2022-04-28 00:53:49.806163,285,day,IERS2010 latitude +46.3189 N longitude 120.0269 E elevation 420771.5 m
2022-04-28 00:54:06.420723,286,day,IERS2010 latitude +45.8339 N longitude 121.3327 E elevation 420737.8 m
2022-04-28 00:54:23.037000,287,day,IERS2010 latitude +45.3317 N longitude 122.6171 E elevation 420701.2 m
2022-04-28 00:54:39.614799,288,day,IERS2010 latitude +44.8137 N longitude 123.8774 E elevation 420662.0 m
2022-04-28 00:54:56.101546,289,day,IERS2010 latitude +44.2817 N longitude 125.1109 E elevation 420620.3 m
2022-04-28 00:55:12.602105,290,day,IERS2010 latitude +43.7381 N longitude 126.3143 E elevation 420576.6 m
2022-04-28 00:55:29.088673,291,day,IERS2010 latitude +43.1802 N longitude 127.4955 E elevation 420530.9 m
2022-04-28 00:55:45.625504,292,day,IERS2010 latitude +42.6093 N longitude 128.6530 E elevation 420483.2 m
2022-04-28 00:56:02.041381,293,day,IERS2010 latitude +42.0237 N longitude 129.7914 E elevation 420433.8 m
2022-04-28 00:56:18.605228,294,day,IERS2010 latitude +41.4299 N longitude 130.8997 E elevation 420383.3 m
2022-04-28 00:56:35.177601,295,day,IERS2010 latitude +40.8189 N longitude 131.9961 E elevation 420331.0 m
2022-04-28 00:56:51.804540,296,day,IERS2010 latitude +40.1964 N longitude 133.0709 E elevation 420277.8 m
2022-04-28 00:57:08.413076,297,day,IERS2010 latitude +39.5600 N longitude 134.1293 E elevation 420223.5 m
2022-04-28 00:57:25.020792,298,day,IERS2010 latitude +38.9133 N longitude 135.1663 E elevation 420168.6 m
2022-04-28 00:57:41.625382,299,day,IERS2010 latitude +38.2567 N longitude 136.1827 E elevation 420113.4 m
2022-04-28 00:57:58.260304,300,day,IERS2010 latitude +37.5903 N longitude 137.1794 E elevation 420058.1 m
2022-04-28 00:58:14.771051,301,day,IERS2010 latitude +36.9132 N longitude 138.1588 E elevation 420002.8 m
2022-04-28 00:58:31.317832,302,day,IERS2010 latitude +36.2321 N longitude 139.1126 E elevation 419948.2 m
2022-04-28 00:58:47.800719,303,day,IERS2010 latitude +35.5409 N longitude 140.0508 E elevation 419894.1 m
2022-04-28 00:59:04.294595,304,day,IERS2010 latitude +34.8440 N longitude 140.9683 E elevation 419841.0 m
2022-04-28 00:59:20.778296,305,day,IERS2010 latitude +34.1392 N longitude 141.8691 E elevation 419788.9 m
2022-04-28 00:59:37.288076,306,day,IERS2010 latitude +33.4264 N longitude 142.7544 E elevation 419738.1 m
2022-04-28 00:59:53.785386,307,day,IERS2010 latitude +32.7054 N longitude 143.6253 E elevation 419688.7 m
2022-04-28 01:00:10.348099,308,day,IERS2010 latitude +31.9782 N longitude 144.4803 E elevation 419641.1 m
2022-04-28 01:00:26.847573,309,day,IERS2010 latitude +31.2413 N longitude 145.3241 E elevation 419595.3 m
2022-04-28 01:00:43.398756,310,day,IERS2010 latitude +30.5010 N longitude 146.1505 E elevation 419551.9 m
2022-04-28 01:00:59.895869,311,day,IERS2010 latitude +29.7519 N longitude 146.9662 E elevation 419510.8 m
2022-04-28 01:01:16.485725,312,day,IERS2010 latitude +28.9996 N longitude 147.7660 E elevation 419472.5 m
2022-04-28 01:01:33.084102,313,day,IERS2010 latitude +28.2375 N longitude 148.5577 E elevation 419436.9 m
2022-04-28 01:01:49.654214,314,day,IERS2010 latitude +27.4694 N longitude 149.3376 E elevation 419404.4 m
2022-04-28 01:02:06.276034,315,day,IERS2010 latitude +26.6975 N longitude 150.1045 E elevation 419375.4 m
2022-04-28 01:02:22.870541,316,day,IERS2010 latitude +25.9184 N longitude 150.8625 E elevation 419349.8 m
2022-04-28 01:02:39.524424,317,day,IERS2010 latitude +25.1358 N longitude 151.6085 E elevation 419328.1 m
2022-04-28 01:02:56.143329,318,day,IERS2010 latitude +24.3459 N longitude 152.3467 E elevation 419310.3 m
2022-04-28 01:03:12.722260,319,day,IERS2010 latitude +23.5533 N longitude 153.0733 E elevation 419296.9 m
2022-04-28 01:03:29.331728,320,day,IERS2010 latitude +22.7590 N longitude 153.7885 E elevation 419287.8 m
2022-04-28 01:03:45.868412,321,day,IERS2010 latitude +21.9589 N longitude 154.4962 E elevation 419283.4 m
2022-04-28 01:04:02.407347,322,day,IERS2010 latitude +21.1584 N longitude 155.1925 E elevation 419283.8 m
2022-04-28 01:04:18.939572,323,day,IERS2010 latitude +20.3547 N longitude 155.8803 E elevation 419289.1 m
2022-04-28 01:04:35.484950,324,day,IERS2010 latitude +19.5479 N longitude 156.5602 E elevation 419299.6 m
2022-04-28 01:04:52.110264,325,day,IERS2010 latitude +18.7374 N longitude 157.2331 E elevation 419315.3 m
2022-04-28 01:05:08.745116,326,day,IERS2010 latitude +17.9200 N longitude 157.9021 E elevation 419336.6 m
2022-04-28 01:05:25.368262,327,day,IERS2010 latitude +17.0994 N longitude 158.5647 E elevation 419363.6 m
2022-04-28 01:05:41.955359,328,day,IERS2010 latitude +16.2766 N longitude 159.2206 E elevation 419396.4 m
2022-04-28 01:05:58.570809,329,day,IERS2010 latitude +15.4531 N longitude 159.8689 E elevation 419435.1 m
2022-04-28 01:06:15.197778,330,day,IERS2010 latitude +14.6259 N longitude 160.5127 E elevation 419479.9 m
2022-04-28 01:06:31.784719,331,day,IERS2010 latitude +13.7959 N longitude 161.1516 E elevation 419530.9 m
2022-04-28 01:06:48.408014,332,day,IERS2010 latitude +12.9660 N longitude 161.7839 E elevation 419588.1 m
2022-04-28 01:07:05.022037,333,day,IERS2010 latitude +12.1322 N longitude 162.4130 E elevation 419651.9 m
2022-04-28 01:07:21.627595,334,day,IERS2010 latitude +11.2972 N longitude 163.0373 E elevation 419722.1 m
2022-04-28 01:07:38.191087,335,day,IERS2010 latitude +10.4610 N longitude 163.6574 E elevation 419798.9 m
2022-04-28 01:07:54.727155,336,day,IERS2010 latitude +9.6253 N longitude 164.2722 E elevation 419882.1 m
2022-04-28 01:08:11.276393,337,day,IERS2010 latitude +8.7899 N longitude 164.8824 E elevation 419971.9 m
2022-04-28 01:08:27.805061,338,day,IERS2010 latitude +7.9524 N longitude 165.4903 E elevation 420068.5 m
2022-04-28 01:08:44.318598,339,day,IERS2010 latitude +7.1149 N longitude 166.0946 E elevation 420171.7 m
2022-04-28 01:09:00.889117,340,day,IERS2010 latitude +6.2772 N longitude 166.6959 E elevation 420281.7 m
2022-04-28 01:09:17.387875,341,day,IERS2010 latitude +5.4359 N longitude 167.2969 E elevation 420398.8 m
2022-04-28 01:09:33.931841,342,day,IERS2010 latitude +4.5972 N longitude 167.8938 E elevation 420522.4 m
2022-04-28 01:09:50.482596,343,day,IERS2010 latitude +3.7558 N longitude 168.4906 E elevation 420653.1 m
2022-04-28 01:10:07.057396,344,day,IERS2010 latitude +2.9135 N longitude 169.0863 E elevation 420790.7 m
2022-04-28 01:10:23.601052,345,day,IERS2010 latitude +2.0697 N longitude 169.6818 E elevation 420935.3 m
2022-04-28 01:10:40.210573,346,day,IERS2010 latitude +1.2271 N longitude 170.2755 E elevation 421086.6 m
2022-04-28 01:10:56.784989,347,day,IERS2010 latitude +0.3816 N longitude 170.8708 E elevation 421245.1 m
2022-04-28 01:11:13.330524,348,day,IERS2010 latitude -0.4630 N longitude 171.4653 E elevation 421410.3 m
2022-04-28 01:11:29.924857,349,day,IERS2010 latitude -1.3054 N longitude 172.0584 E elevation 421581.7 m
2022-04-28 01:11:46.524108,350,day,IERS2010 latitude -2.1506 N longitude 172.6541 E elevation 421760.3 m
2022-04-28 01:12:03.028030,351,day,IERS2010 latitude -2.9949 N longitude 173.2500 E elevation 421945.4 m
2022-04-28 01:12:19.627479,352,day,IERS2010 latitude -3.8349 N longitude 173.8442 E elevation 422136.1 m
2022-04-28 01:12:36.213239,353,day,IERS2010 latitude -4.6785 N longitude 174.4427 E elevation 422334.1 m
2022-04-28 01:12:52.805827,354,day,IERS2010 latitude -5.5206 N longitude 175.0421 E elevation 422538.1 m
2022-04-28 01:13:09.406837,355,day,IERS2010 latitude -6.3629 N longitude 175.6441 E elevation 422748.6 m
2022-04-28 01:13:26.017272,356,day,IERS2010 latitude -7.2043 N longitude 176.2483 E elevation 422965.0 m
2022-04-28 01:13:42.639283,357,day,IERS2010 latitude -8.0452 N longitude 176.8554 E elevation 423187.4 m
2022-04-28 01:13:59.258472,358,day,IERS2010 latitude -8.8853 N longitude 177.4655 E elevation 423415.7 m
2022-04-28 01:14:15.891773,359,day,IERS2010 latitude -9.7241 N longitude 178.0786 E elevation 423649.6 m
2022-04-28 01:14:32.508416,360,day,IERS2010 latitude -10.5621 N longitude 178.6956 E elevation 423889.0 m
2022-04-28 01:14:49.098590,361,day,IERS2010 latitude -11.3976 N longitude 179.3157 E elevation 424133.4 m
2022-04-28 01:15:05.735205,362,day,IERS2010 latitude -12.2301 N longitude 179.9387 E elevation 424382.4 m
2022-04-28 01:15:22.296453,363,day,IERS2010 latitude -13.0631 N longitude -179.4322 E elevation 424636.9 m
2022-04-28 01:15:38.904357,364,day,IERS2010 latitude -13.8903 N longitude -178.8013 E elevation 424894.9 m
2022-04-28 01:15:55.446503,365,day,IERS2010 latitude -14.7177 N longitude -178.1638 E elevation 425157.9 m
2022-04-28 01:16:12.047290,366,day,IERS2010 latitude -15.5395 N longitude -177.5236 E elevation 425424.0 m
2022-04-28 01:16:28.530461,367,day,IERS2010 latitude -16.3618 N longitude -176.8754 E elevation 425695.0 m
2022-04-28 01:16:45.093967,368,day,IERS2010 latitude -17.1757 N longitude -176.2260 E elevation 425967.7 m
2022-04-28 01:17:01.602895,369,day,IERS2010 latitude -17.9912 N longitude -175.5668 E elevation 426245.3 m
2022-04-28 01:17:18.132550,370,day,IERS2010 latitude -18.8006 N longitude -174.9038 E elevation 426524.9 m
2022-04-28 01:17:34.731833,371,day,IERS2010 latitude -19.6083 N longitude -174.2325 E elevation 426807.9 m
2022-04-28 01:17:51.297379,372,day,IERS2010 latitude -20.4163 N longitude -173.5511 E elevation 427094.7 m
2022-04-28 01:18:07.915432,373,day,IERS2010 latitude -21.2196 N longitude -172.8629 E elevation 427383.5 m
2022-04-28 01:18:24.508684,374,day,IERS2010 latitude -22.0214 N longitude -172.1648 E elevation 427675.1 m
2022-04-28 01:18:41.131045,375,day,IERS2010 latitude -22.8184 N longitude -171.4590 E elevation 427968.1 m
2022-04-28 01:18:57.739346,376,day,IERS2010 latitude -23.6128 N longitude -170.7430 E elevation 428263.2 m
2022-04-28 01:19:14.324800,377,day,IERS2010 latitude -24.4022 N longitude -170.0184 E elevation 428559.2 m
2022-04-28 01:19:30.861506,378,day,IERS2010 latitude -25.1866 N longitude -169.2845 E elevation 428855.9 m
2022-04-28 01:19:47.472778,379,day,IERS2010 latitude -25.9637 N longitude -168.5432 E elevation 429152.1 m
2022-04-28 01:20:04.068948,380,day,IERS2010 latitude -26.7401 N longitude -167.7871 E elevation 429450.3 m
2022-04-28 01:20:20.347079,381,day,IERS2010 latitude -27.5106 N longitude -167.0209 E elevation 429748.1 m
2022-04-28 01:20:36.977088,382,day,IERS2010 latitude -28.2612 N longitude -166.2582 E elevation 430039.9 m
2022-04-28 01:20:53.584911,383,day,IERS2010 latitude -29.0226 N longitude -165.4669 E elevation 430337.4 m
2022-04-28 01:21:10.202562,384,day,IERS2010 latitude -29.7774 N longitude -164.6641 E elevation 430633.6 m
2022-04-28 01:21:26.827152,385,day,IERS2010 latitude -30.5263 N longitude -163.8481 E elevation 430928.6 m
2022-04-28 01:21:43.445213,386,day,IERS2010 latitude -31.2699 N longitude -163.0174 E elevation 431222.5 m
2022-04-28 01:22:00.054516,387,day,IERS2010 latitude -32.0065 N longitude -162.1734 E elevation 431514.3 m
2022-04-28 01:22:16.665685,388,day,IERS2010 latitude -32.7358 N longitude -161.3153 E elevation 431803.7 m
2022-04-28 01:22:32.948903,389,day,IERS2010 latitude -33.4581 N longitude -160.4420 E elevation 432090.6 m
2022-04-28 01:22:49.567617,390,day,IERS2010 latitude -34.1590 N longitude -159.5708 E elevation 432369.2 m
2022-04-28 01:23:06.177615,391,day,IERS2010 latitude -34.8666 N longitude -158.6658 E elevation 432650.3 m
2022-04-28 01:23:22.793632,392,day,IERS2010 latitude -35.5662 N longitude -157.7440 E elevation 432928.0 m
2022-04-28 01:23:39.365088,393,day,IERS2010 latitude -36.2568 N longitude -156.8059 E elevation 433201.7 m
2022-04-28 01:23:55.949389,394,day,IERS2010 latitude -36.9378 N longitude -155.8514 E elevation 433470.9 m
2022-04-28 01:24:12.563848,395,day,IERS2010 latitude -37.6099 N longitude -154.8784 E elevation 433735.9 m
2022-04-28 01:24:29.067385,396,day,IERS2010 latitude -38.2733 N longitude -153.8856 E elevation 433996.5 m
2022-04-28 01:24:45.665886,397,day,IERS2010 latitude -38.9231 N longitude -152.8793 E elevation 434250.6 m
2022-04-28 01:25:02.239513,398,day,IERS2010 latitude -39.5663 N longitude -151.8477 E elevation 434500.9 m
2022-04-28 01:25:18.853827,399,day,IERS2010 latitude -40.1977 N longitude -150.7975 E elevation 434745.2 m
2022-04-28 01:25:35.406325,400,day,IERS2010 latitude -40.8196 N longitude -149.7240 E elevation 434984.2 m
2022-04-28 01:25:52.012927,401,day,IERS2010 latitude -41.4276 N longitude -148.6335 E elevation 435216.2 m
2022-04-28 01:26:08.640122,402,day,IERS2010 latitude -42.0253 N longitude -147.5181 E elevation 435442.4 m
2022-04-28 01:26:25.251386,403,day,IERS2010 latitude -42.6115 N longitude -146.3785 E elevation 435662.4 m
2022-04-28 01:26:41.868236,404,day,IERS2010 latitude -43.1843 N longitude -145.2173 E elevation 435875.1 m
2022-04-28 01:26:58.473484,405,day,IERS2010 latitude -43.7435 N longitude -144.0332 E elevation 436080.6 m
2022-04-28 01:27:15.104750,406,day,IERS2010 latitude -44.2883 N longitude -142.8267 E elevation 436278.5 m
2022-04-28 01:27:31.716817,407,day,IERS2010 latitude -44.8194 N longitude -141.5949 E elevation 436468.9 m
2022-04-28 01:27:48.339750,408,day,IERS2010 latitude -45.3347 N longitude -140.3409 E elevation 436651.1 m
2022-04-28 01:28:04.969145,409,day,IERS2010 latitude -45.8347 N longitude -139.0623 E elevation 436825.2 m
2022-04-28 01:28:21.591419,410,day,IERS2010 latitude -46.3188 N longitude -137.7591 E elevation 436990.9 m
2022-04-28 01:28:38.222939,411,day,IERS2010 latitude -46.7858 N longitude -136.4327 E elevation 437147.9 m
2022-04-28 01:28:54.888109,412,day,IERS2010 latitude -47.2357 N longitude -135.0816 E elevation 437296.0 m
2022-04-28 01:29:11.519193,413,day,IERS2010 latitude -47.6685 N longitude -133.7042 E elevation 437435.3 m
2022-04-28 01:29:28.137607,414,day,IERS2010 latitude -48.0820 N longitude -132.3060 E elevation 437565.1 m
2022-04-28 01:29:44.751394,415,day,IERS2010 latitude -48.4761 N longitude -130.8858 E elevation 437685.3 m
2022-04-28 01:30:01.294401,416,day,IERS2010 latitude -48.8506 N longitude -129.4433 E elevation 437795.8 m
2022-04-28 01:30:17.911562,417,day,IERS2010 latitude -49.2034 N longitude -127.9851 E elevation 437896.2 m
2022-04-28 01:30:33.353008,418,night,IERS2010 latitude -49.5373 N longitude -126.4990 E elevation 437987.1 m
2022-04-28 01:30:49.956379,419,day,IERS2010 latitude -49.8285 N longitude -125.0995 E elevation 438062.6 m
2022-04-28 01:31:06.537338,420,day,IERS2010 latitude -50.1208 N longitude -123.5757 E elevation 438133.9 m
2022-04-28 01:31:23.134297,421,day,IERS2010 latitude -50.3907 N longitude -122.0352 E elevation 438194.8 m
2022-04-28 01:31:39.730995,422,day,IERS2010 latitude -50.6383 N longitude -120.4757 E elevation 438245.5 m
2022-04-28 01:31:56.309229,423,day,IERS2010 latitude -50.8628 N longitude -118.9005 E elevation 438285.6 m
2022-04-28 01:32:12.920843,424,day,IERS2010 latitude -51.0639 N longitude -117.3106 E elevation 438315.1 m
2022-04-28 01:32:29.524422,425,day,IERS2010 latitude -51.2415 N longitude -115.7046 E elevation 438334.1 m
2022-04-28 01:32:47.177147,426,day,IERS2010 latitude -51.3950 N longitude -114.0875 E elevation 438342.3 m
2022-04-28 01:33:03.740037,427,day,IERS2010 latitude -51.5313 N longitude -112.3567 E elevation 438339.2 m
2022-04-28 01:33:20.330098,428,day,IERS2010 latitude -51.6340 N longitude -110.7239 E elevation 438325.2 m
2022-04-28 01:33:36.905869,429,day,IERS2010 latitude -51.7120 N longitude -109.0815 E elevation 438300.3 m
2022-04-28 01:33:53.513326,430,day,IERS2010 latitude -51.7650 N longitude -107.4356 E elevation 438264.7 m
2022-04-28 01:34:10.129448,431,day,IERS2010 latitude -51.7930 N longitude -105.7835 E elevation 438218.1 m
2022-04-28 01:34:26.736577,432,day,IERS2010 latitude -51.7958 N longitude -104.1299 E elevation 438160.6 m
2022-04-28 01:34:43.379267,433,day,IERS2010 latitude -51.7734 N longitude -102.4768 E elevation 438092.3 m
2022-04-28 01:34:59.982502,434,day,IERS2010 latitude -51.7257 N longitude -100.8233 E elevation 438013.0 m
2022-04-28 01:35:16.551175,435,day,IERS2010 latitude -51.6530 N longitude -99.1784 E elevation 437923.1 m
2022-04-28 01:35:31.992898,436,night,IERS2010 latitude -51.5557 N longitude -97.5430 E elevation 437822.8 m
2022-04-28 01:35:47.440912,437,night,IERS2010 latitude -51.4428 N longitude -96.0262 E elevation 437719.7 m
2022-04-28 01:36:02.885267,438,night,IERS2010 latitude -51.3087 N longitude -94.5173 E elevation 437607.4 m
2022-04-28 01:36:18.320072,439,night,IERS2010 latitude -51.1537 N longitude -93.0185 E elevation 437486.0 m
2022-04-28 01:36:33.773719,440,night,IERS2010 latitude -50.9780 N longitude -91.5318 E elevation 437355.8 m
2022-04-28 01:36:49.227788,441,night,IERS2010 latitude -50.7817 N longitude -90.0555 E elevation 437216.4 m
2022-04-28 01:37:04.673615,442,night,IERS2010 latitude -50.5651 N longitude -88.5926 E elevation 437068.3 m
2022-04-28 01:37:20.118259,443,night,IERS2010 latitude -50.3289 N longitude -87.1450 E elevation 436911.4 m
2022-04-28 01:37:35.559723,444,night,IERS2010 latitude -50.0733 N longitude -85.7130 E elevation 436746.0 m
2022-04-28 01:37:51.003328,445,night,IERS2010 latitude -49.7986 N longitude -84.2976 E elevation 436572.2 m
2022-04-28 01:38:06.455260,446,night,IERS2010 latitude -49.5052 N longitude -82.8992 E elevation 436390.0 m
2022-04-28 01:38:21.901605,447,night,IERS2010 latitude -49.1934 N longitude -81.5178 E elevation 436199.4 m
2022-04-28 01:38:37.342453,448,night,IERS2010 latitude -48.8638 N longitude -80.1555 E elevation 436000.9 m
2022-04-28 01:38:52.784998,449,night,IERS2010 latitude -48.5170 N longitude -78.8126 E elevation 435794.5 m
2022-04-28 01:39:08.228325,450,night,IERS2010 latitude -48.1530 N longitude -77.4891 E elevation 435580.3 m
2022-04-28 01:39:23.674400,451,night,IERS2010 latitude -47.7726 N longitude -76.1853 E elevation 435358.5 m
2022-04-28 01:39:39.114376,452,night,IERS2010 latitude -47.3760 N longitude -74.9015 E elevation 435129.3 m
2022-04-28 01:39:54.562284,453,night,IERS2010 latitude -46.9639 N longitude -73.6385 E elevation 434892.9 m
2022-04-28 01:40:10.010141,454,night,IERS2010 latitude -46.5363 N longitude -72.3955 E elevation 434649.4 m
2022-04-28 01:40:25.449449,455,night,IERS2010 latitude -46.0941 N longitude -71.1730 E elevation 434398.9 m
2022-04-28 01:40:40.889550,456,night,IERS2010 latitude -45.6378 N longitude -69.9718 E elevation 434142.0 m
2022-04-28 01:40:56.337052,457,night,IERS2010 latitude -45.1677 N longitude -68.7912 E elevation 433878.6 m
2022-04-28 01:41:11.782201,458,night,IERS2010 latitude -44.6839 N longitude -67.6306 E elevation 433608.8 m
2022-04-28 01:41:27.221675,459,night,IERS2010 latitude -44.1872 N longitude -66.4905 E elevation 433333.1 m
2022-04-28 01:41:42.664630,460,night,IERS2010 latitude -43.6782 N longitude -65.3710 E elevation 433051.7 m
2022-04-28 01:41:58.108099,461,night,IERS2010 latitude -43.1570 N longitude -64.2713 E elevation 432764.6 m
2022-04-28 01:42:13.552704,462,night,IERS2010 latitude -42.6240 N longitude -63.1913 E elevation 432472.2 m
2022-04-28 01:42:28.995525,463,night,IERS2010 latitude -42.0797 N longitude -62.1307 E elevation 432174.7 m
2022-04-28 01:42:44.434778,464,night,IERS2010 latitude -41.5245 N longitude -61.0894 E elevation 431872.4 m
2022-04-28 01:42:59.881683,465,night,IERS2010 latitude -40.9590 N longitude -60.0672 E elevation 431565.5 m
2022-04-28 01:43:15.326133,466,night,IERS2010 latitude -40.3830 N longitude -59.0629 E elevation 431254.2 m
2022-04-28 01:43:30.765509,467,night,IERS2010 latitude -39.7973 N longitude -58.0769 E elevation 430938.8 m
2022-04-28 01:43:46.209318,468,night,IERS2010 latitude -39.2024 N longitude -57.1089 E elevation 430619.7 m
2022-04-28 01:44:01.621924,469,night,IERS2010 latitude -38.5983 N longitude -56.1579 E elevation 430296.9 m
2022-04-28 01:44:17.062122,470,night,IERS2010 latitude -37.9866 N longitude -55.2258 E elevation 429971.5 m
2022-04-28 01:44:32.504026,471,night,IERS2010 latitude -37.3654 N longitude -54.3084 E elevation 429642.4 m
2022-04-28 01:44:47.953628,472,night,IERS2010 latitude -36.7361 N longitude -53.4070 E elevation 429310.6 m
2022-04-28 01:45:03.401624,473,night,IERS2010 latitude -36.0986 N longitude -52.5209 E elevation 428976.1 m
2022-04-28 01:45:18.840647,474,night,IERS2010 latitude -35.4537 N longitude -51.6500 E elevation 428639.4 m
2022-04-28 01:45:34.284266,475,night,IERS2010 latitude -34.8019 N longitude -50.7945 E elevation 428301.0 m
2022-04-28 01:45:49.733676,476,night,IERS2010 latitude -34.1429 N longitude -49.9531 E elevation 427960.8 m
2022-04-28 01:46:05.177706,477,night,IERS2010 latitude -33.4771 N longitude -49.1253 E elevation 427619.1 m
2022-04-28 01:46:20.621346,478,night,IERS2010 latitude -32.8050 N longitude -48.3113 E elevation 427276.4 m
2022-04-28 01:46:36.061239,479,night,IERS2010 latitude -32.1268 N longitude -47.5104 E elevation 426932.9 m
2022-04-28 01:46:51.505190,480,night,IERS2010 latitude -31.4428 N longitude -46.7224 E elevation 426588.9 m
2022-04-28 01:47:06.952435,481,night,IERS2010 latitude -30.7529 N longitude -45.9465 E elevation 426244.6 m
2022-04-28 01:47:22.391952,482,night,IERS2010 latitude -30.0574 N longitude -45.1822 E elevation 425900.3 m
2022-04-28 01:47:37.830891,483,night,IERS2010 latitude -29.3570 N longitude -44.4299 E elevation 425556.4 m
2022-04-28 01:47:53.276413,484,night,IERS2010 latitude -28.6515 N longitude -43.6886 E elevation 425213.1 m
2022-04-28 01:48:08.724246,485,night,IERS2010 latitude -27.9409 N longitude -42.9576 E elevation 424870.5 m
2022-04-28 01:48:24.163495,486,night,IERS2010 latitude -27.2256 N longitude -42.2369 E elevation 424528.9 m
2022-04-28 01:48:39.604891,487,night,IERS2010 latitude -26.5061 N longitude -41.5265 E elevation 424189.0 m
2022-04-28 01:48:55.052889,488,night,IERS2010 latitude -25.7824 N longitude -40.8255 E elevation 423850.6 m
2022-04-28 01:49:10.496764,489,night,IERS2010 latitude -25.0542 N longitude -40.1334 E elevation 423514.1 m
2022-04-28 01:49:25.936798,490,night,IERS2010 latitude -24.3222 N longitude -39.4504 E elevation 423179.8 m
2022-04-28 01:49:41.376528,491,night,IERS2010 latitude -23.5868 N longitude -38.7760 E elevation 422848.1 m
2022-04-28 01:49:56.820131,492,night,IERS2010 latitude -22.8477 N longitude -38.1098 E elevation 422519.1 m
2022-04-28 01:50:12.268077,493,night,IERS2010 latitude -22.1053 N longitude -37.4515 E elevation 422193.2 m
2022-04-28 01:50:27.707399,494,night,IERS2010 latitude -21.3588 N longitude -36.7999 E elevation 421870.1 m
2022-04-28 01:50:43.146758,495,night,IERS2010 latitude -20.6100 N longitude -36.1561 E elevation 421550.8 m
2022-04-28 01:50:58.593905,496,night,IERS2010 latitude -19.8581 N longitude -35.5192 E elevation 421235.2 m
2022-04-28 01:51:14.037905,497,night,IERS2010 latitude -19.1030 N longitude -34.8885 E elevation 420923.4 m
2022-04-28 01:51:29.481414,498,night,IERS2010 latitude -18.3460 N longitude -34.2647 E elevation 420616.1 m
2022-04-28 01:51:44.924307,499,night,IERS2010 latitude -17.5851 N longitude -33.6457 E elevation 420312.7 m
2022-04-28 01:52:00.367847,500,night,IERS2010 latitude -16.8225 N longitude -33.0330 E elevation 420014.2 m
2022-04-28 01:52:15.817564,501,night,IERS2010 latitude -16.0575 N longitude -32.4255 E elevation 419720.5 m
2022-04-28 01:52:31.261921,502,night,IERS2010 latitude -15.2901 N longitude -31.8229 E elevation 419431.8 m
2022-04-28 01:52:46.702091,503,night,IERS2010 latitude -14.5208 N longitude -31.2253 E elevation 419148.4 m
2022-04-28 01:53:02.130098,504,night,IERS2010 latitude -13.7502 N longitude -30.6327 E elevation 418870.7 m
2022-04-28 01:53:17.577401,505,night,IERS2010 latitude -12.9775 N longitude -30.0441 E elevation 418598.6 m
2022-04-28 01:53:33.020807,506,night,IERS2010 latitude -12.2026 N longitude -29.4591 E elevation 418332.1 m
2022-04-28 01:53:48.467186,507,night,IERS2010 latitude -11.4263 N longitude -28.8780 E elevation 418071.7 m
2022-04-28 01:54:03.906214,508,night,IERS2010 latitude -10.6483 N longitude -28.3002 E elevation 417817.5 m
2022-04-28 01:54:19.350789,509,night,IERS2010 latitude -9.8693 N longitude -27.7260 E elevation 417569.7 m
2022-04-28 01:54:34.798868,510,night,IERS2010 latitude -9.0887 N longitude -27.1544 E elevation 417328.3 m
2022-04-28 01:54:50.246259,511,night,IERS2010 latitude -8.3068 N longitude -26.5854 E elevation 417093.5 m
2022-04-28 01:55:05.689091,512,night,IERS2010 latitude -7.5238 N longitude -26.0190 E elevation 416865.5 m
2022-04-28 01:55:21.131365,513,night,IERS2010 latitude -6.7401 N longitude -25.4549 E elevation 416644.5 m
2022-04-28 01:55:36.575844,514,night,IERS2010 latitude -5.9555 N longitude -24.8928 E elevation 416430.5 m
2022-04-28 01:55:52.025304,515,night,IERS2010 latitude -5.1701 N longitude -24.3324 E elevation 416223.7 m
2022-04-28 01:56:07.469511,516,night,IERS2010 latitude -4.3837 N longitude -23.7732 E elevation 416024.0 m
2022-04-28 01:56:22.912055,517,night,IERS2010 latitude -3.5970 N longitude -23.2156 E elevation 415831.8 m
2022-04-28 01:56:38.361687,518,night,IERS2010 latitude -2.8099 N longitude -22.6590 E elevation 415647.1 m
2022-04-28 01:56:53.805617,519,night,IERS2010 latitude -2.0221 N longitude -22.1030 E elevation 415469.9 m
2022-04-28 01:57:09.253102,520,night,IERS2010 latitude -1.2343 N longitude -21.5478 E elevation 415300.3 m
2022-04-28 01:57:24.692223,521,night,IERS2010 latitude -0.4466 N longitude -20.9931 E elevation 415138.4 m
2022-04-28 01:57:40.136438,522,night,IERS2010 latitude +0.3418 N longitude -20.4381 E elevation 414984.2 m
2022-04-28 01:57:55.583815,523,night,IERS2010 latitude +1.1292 N longitude -19.8836 E elevation 414838.0 m
2022-04-28 01:58:11.027943,524,night,IERS2010 latitude +1.9180 N longitude -19.3277 E elevation 414699.3 m
2022-04-28 01:58:26.466670,525,night,IERS2010 latitude +2.7058 N longitude -18.7718 E elevation 414568.6 m
2022-04-28 01:58:41.910678,526,night,IERS2010 latitude +3.4930 N longitude -18.2153 E elevation 414445.8 m
2022-04-28 01:58:57.353604,527,night,IERS2010 latitude +4.2801 N longitude -17.6575 E elevation 414330.9 m
2022-04-28 01:59:12.801901,528,night,IERS2010 latitude +5.0667 N longitude -17.0985 E elevation 414223.8 m
2022-04-28 01:59:28.241237,529,night,IERS2010 latitude +5.8529 N longitude -16.5377 E elevation 414124.7 m
2022-04-28 01:59:43.680551,530,night,IERS2010 latitude +6.6380 N longitude -15.9756 E elevation 414033.4 m
2022-04-28 01:59:59.134111,531,night,IERS2010 latitude +7.4223 N longitude -15.4114 E elevation 413950.0 m
2022-04-28 02:00:14.577816,532,night,IERS2010 latitude +8.2064 N longitude -14.8444 E elevation 413874.4 m
2022-04-28 02:00:30.021318,533,night,IERS2010 latitude +8.9891 N longitude -14.2753 E elevation 413806.6 m
2022-04-28 02:00:45.470362,534,night,IERS2010 latitude +9.7706 N longitude -13.7035 E elevation 413746.6 m
2022-04-28 02:01:00.914184,535,night,IERS2010 latitude +10.5512 N longitude -13.1284 E elevation 413694.3 m
2022-04-28 02:01:16.359862,536,night,IERS2010 latitude +11.3302 N longitude -12.5504 E elevation 413649.5 m
2022-04-28 02:01:31.799085,537,night,IERS2010 latitude +12.1079 N longitude -11.9687 E elevation 413612.4 m
2022-04-28 02:01:47.243754,538,night,IERS2010 latitude +12.8837 N longitude -11.3836 E elevation 413582.7 m
2022-04-28 02:02:02.687624,539,night,IERS2010 latitude +13.6580 N longitude -10.7944 E elevation 413560.5 m
2022-04-28 02:02:18.134345,540,night,IERS2010 latitude +14.4308 N longitude -10.2006 E elevation 413545.5 m
2022-04-28 02:02:33.575201,541,night,IERS2010 latitude +15.2018 N longitude -9.6024 E elevation 413537.7 m
2022-04-28 02:02:49.020274,542,night,IERS2010 latitude +15.9704 N longitude -8.9995 E elevation 413537.0 m
2022-04-28 02:03:04.462857,543,night,IERS2010 latitude +16.7371 N longitude -8.3913 E elevation 413543.3 m
2022-04-28 02:03:19.909883,544,night,IERS2010 latitude +17.5015 N longitude -7.7779 E elevation 413556.5 m
2022-04-28 02:03:35.368692,545,night,IERS2010 latitude +18.2637 N longitude -7.1586 E elevation 413576.4 m
2022-04-28 02:03:50.812673,546,night,IERS2010 latitude +19.0237 N longitude -6.5330 E elevation 413602.9 m
2022-04-28 02:04:06.255466,547,night,IERS2010 latitude +19.7808 N longitude -5.9013 E elevation 413635.9 m
2022-04-28 02:04:21.696269,548,night,IERS2010 latitude +20.5349 N longitude -5.2634 E elevation 413675.1 m
2022-04-28 02:04:37.139907,549,night,IERS2010 latitude +21.2859 N longitude -4.6185 E elevation 413720.5 m
2022-04-28 02:04:52.587326,550,night,IERS2010 latitude +22.0340 N longitude -3.9664 E elevation 413771.9 m
2022-04-28 02:05:08.026539,551,night,IERS2010 latitude +22.7784 N longitude -3.3071 E elevation 413829.1 m
2022-04-28 02:05:23.465845,552,night,IERS2010 latitude +23.5204 N longitude -2.6392 E elevation 413892.0 m
2022-04-28 02:05:38.912196,553,night,IERS2010 latitude +24.2581 N longitude -1.9636 E elevation 413960.4 m
2022-04-28 02:05:54.359229,554,night,IERS2010 latitude +24.9925 N longitude -1.2791 E elevation 414034.1 m
2022-04-28 02:06:09.796044,555,night,IERS2010 latitude +25.7230 N longitude -0.5857 E elevation 414112.9 m
2022-04-28 02:06:25.235790,556,night,IERS2010 latitude +26.4491 N longitude 0.1165 E elevation 414196.6 m
2022-04-28 02:06:40.683225,557,night,IERS2010 latitude +27.1710 N longitude 0.8285 E elevation 414285.0 m
2022-04-28 02:06:56.123287,558,night,IERS2010 latitude +27.8888 N longitude 1.5509 E elevation 414378.1 m
2022-04-28 02:07:11.566826,559,night,IERS2010 latitude +28.6018 N longitude 2.2833 E elevation 414475.4 m
2022-04-28 02:07:27.005977,560,night,IERS2010 latitude +29.3100 N longitude 3.0266 E elevation 414577.0 m
2022-04-28 02:07:42.445273,561,night,IERS2010 latitude +30.0129 N longitude 3.7808 E elevation 414682.4 m
2022-04-28 02:07:57.888233,562,night,IERS2010 latitude +30.7109 N longitude 4.5468 E elevation 414791.6 m
2022-04-28 02:08:13.329412,563,night,IERS2010 latitude +31.4032 N longitude 5.3246 E elevation 414904.3 m
2022-04-28 02:08:28.773650,564,night,IERS2010 latitude +32.0902 N longitude 6.1152 E elevation 415020.3 m
2022-04-28 02:08:44.219736,565,night,IERS2010 latitude +32.7712 N longitude 6.9184 E elevation 415139.5 m
2022-04-28 02:08:59.663878,566,night,IERS2010 latitude +33.4460 N longitude 7.7349 E elevation 415261.5 m
2022-04-28 02:09:15.105918,567,night,IERS2010 latitude +34.1144 N longitude 8.5652 E elevation 415386.2 m
2022-04-28 02:09:30.549578,568,night,IERS2010 latitude +34.7761 N longitude 9.4094 E elevation 415513.4 m
2022-04-28 02:09:45.993462,569,night,IERS2010 latitude +35.4308 N longitude 10.2681 E elevation 415642.8 m
2022-04-28 02:10:01.433716,570,night,IERS2010 latitude +36.0783 N longitude 11.1418 E elevation 415774.2 m
2022-04-28 02:10:16.874404,571,night,IERS2010 latitude +36.7181 N longitude 12.0307 E elevation 415907.4 m
2022-04-28 02:10:32.319177,572,night,IERS2010 latitude +37.3502 N longitude 12.9355 E elevation 416042.2 m
2022-04-28 02:10:47.758901,573,night,IERS2010 latitude +37.9742 N longitude 13.8567 E elevation 416178.4 m
2022-04-28 02:11:03.223738,574,night,IERS2010 latitude +38.5897 N longitude 14.7943 E elevation 416315.7 m
2022-04-28 02:11:19.821471,575,day,IERS2010 latitude +39.1973 N longitude 15.7505 E elevation 416454.2 m
2022-04-28 02:11:36.425155,576,day,IERS2010 latitude +39.8392 N longitude 16.7963 E elevation 416603.6 m
2022-04-28 02:11:53.042137,577,day,IERS2010 latitude +40.4703 N longitude 17.8633 E elevation 416753.7 m
2022-04-28 02:12:09.651393,578,day,IERS2010 latitude +41.0905 N longitude 18.9524 E elevation 416904.1 m
2022-04-28 02:12:26.266562,579,day,IERS2010 latitude +41.6983 N longitude 20.0622 E elevation 417054.6 m
2022-04-28 02:12:42.872912,580,day,IERS2010 latitude +42.2944 N longitude 21.1956 E elevation 417205.0 m
2022-04-28 02:12:59.448371,581,day,IERS2010 latitude +42.8771 N longitude 22.3504 E elevation 417354.8 m
2022-04-28 02:13:14.881208,582,night,IERS2010 latitude +43.4454 N longitude 23.5260 E elevation 417503.6 m
2022-04-28 02:13:30.328687,583,night,IERS2010 latitude +43.9620 N longitude 24.6414 E elevation 417641.4 m
2022-04-28 02:13:45.776461,584,night,IERS2010 latitude +44.4665 N longitude 25.7778 E elevation 417778.3 m
2022-04-28 02:14:01.219163,585,night,IERS2010 latitude +44.9585 N longitude 26.9355 E elevation 417914.0 m
2022-04-28 02:14:16.658781,586,night,IERS2010 latitude +45.4368 N longitude 28.1132 E elevation 418048.3 m
2022-04-28 02:14:32.103098,587,night,IERS2010 latitude +45.9013 N longitude 29.3115 E elevation 418181.1 m
2022-04-28 02:14:47.547247,588,night,IERS2010 latitude +46.3517 N longitude 30.5310 E elevation 418312.1 m
2022-04-28 02:15:02.990563,589,night,IERS2010 latitude +46.7875 N longitude 31.7714 E elevation 418441.3 m
2022-04-28 02:15:18.436464,590,night,IERS2010 latitude +47.2081 N longitude 33.0325 E elevation 418568.4 m
2022-04-28 02:15:33.881718,591,night,IERS2010 latitude +47.6131 N longitude 34.3145 E elevation 418693.3 m
2022-04-28 02:15:49.328379,592,night,IERS2010 latitude +48.0021 N longitude 35.6170 E elevation 418815.9 m
2022-04-28 02:16:04.765890,593,night,IERS2010 latitude +48.3745 N longitude 36.9393 E elevation 418935.9 m
2022-04-28 02:16:20.208919,594,night,IERS2010 latitude +48.7300 N longitude 38.2816 E elevation 419053.3 m
2022-04-28 02:16:36.802804,595,day,IERS2010 latitude +49.0680 N longitude 39.6434 E elevation 419167.8 m
2022-04-28 02:16:53.404650,596,day,IERS2010 latitude +49.4111 N longitude 41.1269 E elevation 419287.6 m
2022-04-28 02:17:10.025077,597,day,IERS2010 latitude +49.7336 N longitude 42.6338 E elevation 419404.1 m
2022-04-28 02:17:26.641585,598,day,IERS2010 latitude +50.0346 N longitude 44.1619 E elevation 419516.9 m
2022-04-28 02:17:43.244144,599,day,IERS2010 latitude +50.3132 N longitude 45.7089 E elevation 419625.9 m
2022-04-28 02:17:59.872727,600,day,IERS2010 latitude +50.5690 N longitude 47.2728 E elevation 419730.8 m
2022-04-28 02:18:16.529737,601,day,IERS2010 latitude +50.8019 N longitude 48.8562 E elevation 419831.8 m
2022-04-28 02:18:33.106510,602,day,IERS2010 latitude +51.0116 N longitude 50.4578 E elevation 419928.8 m
2022-04-28 02:18:49.694345,603,day,IERS2010 latitude +51.1964 N longitude 52.0659 E elevation 420021.1 m
2022-04-28 02:19:06.292365,604,day,IERS2010 latitude +51.3569 N longitude 53.6866 E elevation 420109.0 m
2022-04-28 02:19:22.893027,605,day,IERS2010 latitude +51.4931 N longitude 55.3204 E elevation 420192.6 m
2022-04-28 02:19:39.535880,606,day,IERS2010 latitude +51.6045 N longitude 56.9635 E elevation 420271.6 m
2022-04-28 02:19:56.209285,607,day,IERS2010 latitude +51.6911 N longitude 58.6191 E elevation 420346.3 m
2022-04-28 02:20:12.852194,608,day,IERS2010 latitude +51.7523 N longitude 60.2819 E elevation 420416.4 m
2022-04-28 02:20:29.480427,609,day,IERS2010 latitude +51.7879 N longitude 61.9464 E elevation 420481.6 m
2022-04-28 02:20:46.073221,610,day,IERS2010 latitude +51.7980 N longitude 63.6099 E elevation 420542.1 m
2022-04-28 02:21:02.380155,611,day,IERS2010 latitude +51.7826 N longitude 65.2711 E elevation 420597.7 m
2022-04-28 02:21:19.010976,612,day,IERS2010 latitude +51.7427 N longitude 66.9008 E elevation 420647.7 m
2022-04-28 02:21:35.642993,613,day,IERS2010 latitude +51.6769 N longitude 68.5588 E elevation 420693.9 m
2022-04-28 02:21:52.272780,614,day,IERS2010 latitude +51.5858 N longitude 70.2111 E elevation 420735.4 m
2022-04-28 02:22:08.896742,615,day,IERS2010 latitude +51.4696 N longitude 71.8552 E elevation 420772.1 m
2022-04-28 02:22:25.512855,616,day,IERS2010 latitude +51.3286 N longitude 73.4889 E elevation 420804.1 m
2022-04-28 02:22:42.112992,617,day,IERS2010 latitude +51.1631 N longitude 75.1110 E elevation 420831.3 m
2022-04-28 02:22:58.732011,618,day,IERS2010 latitude +50.9735 N longitude 76.7183 E elevation 420853.9 m
2022-04-28 02:23:15.349754,619,day,IERS2010 latitude +50.7599 N longitude 78.3130 E elevation 420872.0 m
2022-04-28 02:23:31.972011,620,day,IERS2010 latitude +50.5229 N longitude 79.8912 E elevation 420885.4 m
2022-04-28 02:23:48.619579,621,day,IERS2010 latitude +50.2625 N longitude 81.4536 E elevation 420894.5 m
2022-04-28 02:24:05.250311,622,day,IERS2010 latitude +49.9793 N longitude 82.9993 E elevation 420899.1 m
2022-04-28 02:24:21.818218,623,day,IERS2010 latitude +49.6741 N longitude 84.5238 E elevation 420899.5 m
2022-04-28 02:24:38.018713,624,day,IERS2010 latitude +49.3486 N longitude 86.0219 E elevation 420895.7 m
2022-04-28 02:24:54.523940,625,day,IERS2010 latitude +49.0100 N longitude 87.4669 E elevation 420888.0 m
2022-04-28 02:25:11.021251,626,day,IERS2010 latitude +48.6449 N longitude 88.9172 E elevation 420876.4 m
2022-04-28 02:25:27.539973,627,day,IERS2010 latitude +48.2603 N longitude 90.3446 E elevation 420860.9 m
2022-04-28 02:25:44.103982,628,day,IERS2010 latitude +47.8560 N longitude 91.7508 E elevation 420841.8 m
2022-04-28 02:26:00.642856,629,day,IERS2010 latitude +47.4319 N longitude 93.1376 E elevation 420819.1 m
2022-04-28 02:26:17.166102,630,day,IERS2010 latitude +46.9903 N longitude 94.4986 E elevation 420793.1 m
2022-04-28 02:26:33.703678,631,day,IERS2010 latitude +46.5315 N longitude 95.8346 E elevation 420763.8 m
2022-04-28 02:26:50.278713,632,day,IERS2010 latitude +46.0557 N longitude 97.1470 E elevation 420731.5 m
2022-04-28 02:27:06.844609,633,day,IERS2010 latitude +45.5617 N longitude 98.4399 E elevation 420696.1 m
2022-04-28 02:27:23.349492,634,day,IERS2010 latitude +45.0523 N longitude 99.7073 E elevation 420658.0 m
2022-04-28 02:27:39.864773,635,day,IERS2010 latitude +44.5297 N longitude 100.9460 E elevation 420617.6 m
2022-04-28 02:27:56.401115,636,day,IERS2010 latitude +43.9917 N longitude 102.1626 E elevation 420574.8 m
2022-04-28 02:28:12.893250,637,day,IERS2010 latitude +43.4389 N longitude 103.3571 E elevation 420529.7 m
2022-04-28 02:28:29.428358,638,day,IERS2010 latitude +42.8739 N longitude 104.5255 E elevation 420482.8 m
2022-04-28 02:28:45.926587,639,day,IERS2010 latitude +42.2944 N longitude 105.6739 E elevation 420434.1 m
2022-04-28 02:29:02.360383,640,day,IERS2010 latitude +41.7031 N longitude 106.7980 E elevation 420383.9 m
2022-04-28 02:29:18.918499,641,day,IERS2010 latitude +41.1023 N longitude 107.8957 E elevation 420332.5 m
2022-04-28 02:29:35.409233,642,day,IERS2010 latitude +40.4851 N longitude 108.9803 E elevation 420279.6 m
2022-04-28 02:29:51.909044,643,day,IERS2010 latitude +39.8593 N longitude 110.0393 E elevation 420226.1 m
2022-04-28 02:30:08.419670,644,day,IERS2010 latitude +39.2222 N longitude 111.0785 E elevation 420171.8 m
2022-04-28 02:30:24.647138,645,day,IERS2010 latitude +38.5743 N longitude 112.0984 E elevation 420117.1 m
2022-04-28 02:30:41.212823,646,day,IERS2010 latitude +37.9278 N longitude 113.0817 E elevation 420063.0 m
2022-04-28 02:30:57.419262,647,day,IERS2010 latitude +37.2582 N longitude 114.0666 E elevation 420007.8 m
2022-04-28 02:31:13.903335,648,day,IERS2010 latitude +36.5944 N longitude 115.0119 E elevation 419954.0 m
2022-04-28 02:31:30.404793,649,day,IERS2010 latitude +35.9101 N longitude 115.9562 E elevation 419899.8 m
2022-04-28 02:31:46.890519,650,day,IERS2010 latitude +35.2168 N longitude 116.8837 E elevation 419846.1 m
2022-04-28 02:32:03.383679,651,day,IERS2010 latitude +34.5163 N longitude 117.7932 E elevation 419793.5 m
2022-04-28 02:32:19.928245,652,day,IERS2010 latitude +33.8072 N longitude 118.6874 E elevation 419741.9 m
2022-04-28 02:32:36.161113,653,day,IERS2010 latitude +33.0887 N longitude 119.5682 E elevation 419691.6 m
2022-04-28 02:32:52.675520,654,day,IERS2010 latitude +32.3767 N longitude 120.4174 E elevation 419643.9 m
2022-04-28 02:33:09.166688,655,day,IERS2010 latitude +31.6457 N longitude 121.2666 E elevation 419597.1 m
2022-04-28 02:33:25.702885,656,day,IERS2010 latitude +30.9091 N longitude 122.1003 E elevation 419552.5 m
2022-04-28 02:33:42.188661,657,day,IERS2010 latitude +30.1645 N longitude 122.9222 E elevation 419510.1 m
2022-04-28 02:33:58.745709,658,day,IERS2010 latitude +29.4155 N longitude 123.7290 E elevation 419470.4 m
2022-04-28 02:34:14.945723,659,day,IERS2010 latitude +28.6579 N longitude 124.5261 E elevation 419433.3 m
2022-04-28 02:34:31.149871,660,day,IERS2010 latitude +27.9112 N longitude 125.2939 E elevation 419399.9 m
2022-04-28 02:34:47.660109,661,day,IERS2010 latitude +27.1594 N longitude 126.0505 E elevation 419369.5 m
2022-04-28 02:35:04.219420,662,day,IERS2010 latitude +26.3883 N longitude 126.8101 E elevation 419342.0 m
2022-04-28 02:35:20.802612,663,day,IERS2010 latitude +25.6102 N longitude 127.5609 E elevation 419318.1 m
2022-04-28 02:35:37.341131,664,day,IERS2010 latitude +24.8267 N longitude 128.3019 E elevation 419298.1 m
2022-04-28 02:35:53.919888,665,day,IERS2010 latitude +24.0402 N longitude 129.0314 E elevation 419282.1 m
2022-04-28 02:36:10.494222,666,day,IERS2010 latitude +23.2479 N longitude 129.7527 E elevation 419270.5 m
2022-04-28 02:36:27.093871,667,day,IERS2010 latitude +22.4520 N longitude 130.4644 E elevation 419263.3 m
2022-04-28 02:36:43.734150,668,day,IERS2010 latitude +21.6510 N longitude 131.1683 E elevation 419260.8 m
2022-04-28 02:37:00.359259,669,day,IERS2010 latitude +20.8444 N longitude 131.8654 E elevation 419263.2 m
2022-04-28 02:37:16.914133,670,day,IERS2010 latitude +20.0351 N longitude 132.5537 E elevation 419270.6 m
2022-04-28 02:37:33.446229,671,day,IERS2010 latitude +19.2260 N longitude 133.2314 E elevation 419283.3 m
2022-04-28 02:37:50.040552,672,day,IERS2010 latitude +18.4149 N longitude 133.9010 E elevation 419301.3 m
