,id,daynight,,,Lat,Lng
38:12.2,1,day,IERS2010 latitude +0.0317 N longitude -165.2857 E elevation 421330.4 m,,0.0317,-165.2857
38:28.9,2,day,IERS2010 latitude -0.8122 N longitude -164.6917 E elevation 421497.9 m,,-0.8122,-164.6917
38:45.5,3,day,IERS2010 latitude -1.6581 N longitude -164.0959 E elevation 421672.6 m,,-1.6581,-164.0959
39:02.0,4,day,IERS2010 latitude -2.5041 N longitude -163.4993 E elevation 421853.9 m,,-2.5041,-163.4993
39:18.6,5,day,IERS2010 latitude -3.3459 N longitude -162.9047 E elevation 422041.0 m,,-3.3459,-162.9047
39:35.2,6,day,IERS2010 latitude -4.1874 N longitude -162.3087 E elevation 422234.5 m,,-4.1874,-162.3087
39:51.7,7,day,IERS2010 latitude -5.0306 N longitude -161.7098 E elevation 422434.8 m,,-5.0306,-161.7098
40:08.3,8,day,IERS2010 latitude -5.8703 N longitude -161.1111 E elevation 422640.6 m,,-5.8703,-161.1111
40:24.9,9,day,IERS2010 latitude -6.7124 N longitude -160.5081 E elevation 422853.3 m,,-6.7124,-160.5081
40:41.5,10,day,IERS2010 latitude -7.5536 N longitude -159.9027 E elevation 423072.0 m,,-7.5536,-159.9027
40:58.1,11,day,IERS2010 latitude -8.3929 N longitude -159.2954 E elevation 423296.3 m,,-8.3929,-159.2954
41:14.7,12,day,IERS2010 latitude -9.2295 N longitude -158.6863 E elevation 423525.7 m,,-9.2295,-158.6863
41:31.3,13,day,IERS2010 latitude -10.0668 N longitude -158.0724 E elevation 423761.3 m,,-10.0668,-158.0724
41:47.8,14,day,IERS2010 latitude -10.9017 N longitude -157.4557 E elevation 424001.9 m,,-10.9017,-157.4557
42:04.3,15,day,IERS2010 latitude -11.7327 N longitude -156.8370 E elevation 424246.9 m,,-11.7327,-156.837
42:20.9,16,day,IERS2010 latitude -12.5625 N longitude -156.2138 E elevation 424497.0 m,,-12.5625,-156.2138
42:37.6,17,day,IERS2010 latitude -13.3908 N longitude -155.5858 E elevation 424751.8 m,,-13.3908,-155.5858
42:54.2,18,day,IERS2010 latitude -14.2262 N longitude -154.9462 E elevation 425014.1 m,,-14.2262,-154.9462
43:10.8,19,day,IERS2010 latitude -15.0523 N longitude -154.3068 E elevation 425278.4 m,,-15.0523,-154.3068
43:27.4,20,day,IERS2010 latitude -15.8758 N longitude -153.6622 E elevation 425546.8 m,,-15.8758,-153.6622
43:44.0,21,day,IERS2010 latitude -16.6948 N longitude -153.0136 E elevation 425818.2 m,,-16.6948,-153.0136
44:00.6,22,day,IERS2010 latitude -17.5132 N longitude -152.3571 E elevation 426093.9 m,,-17.5132,-152.3571
44:17.1,23,day,IERS2010 latitude -18.3286 N longitude -151.6944 E elevation 426372.9 m,,-18.3286,-151.6944
44:33.7,24,day,IERS2010 latitude -19.1388 N longitude -151.0267 E elevation 426654.1 m,,-19.1388,-151.0267
44:50.2,25,day,IERS2010 latitude -19.9469 N longitude -150.3510 E elevation 426938.5 m,,-19.9469,-150.351
45:06.9,26,day,IERS2010 latitude -20.7515 N longitude -149.6680 E elevation 427225.4 m,,-20.7515,-149.668
45:23.4,27,day,IERS2010 latitude -21.5556 N longitude -148.9746 E elevation 427515.5 m,,-21.5556,-148.9746
45:40.1,28,day,IERS2010 latitude -22.3542 N longitude -148.2744 E elevation 427807.0 m,,-22.3542,-148.2744
45:56.7,29,day,IERS2010 latitude -23.1536 N longitude -147.5612 E elevation 428101.9 m,,-23.1536,-147.5612
46:13.3,30,day,IERS2010 latitude -23.9467 N longitude -146.8410 E elevation 428397.4 m,,-23.9467,-146.841
46:29.9,31,day,IERS2010 latitude -24.7318 N longitude -146.1146 E elevation 428692.5 m,,-24.7318,-146.1146
46:46.5,32,day,IERS2010 latitude -25.5164 N longitude -145.3745 E elevation 428990.0 m,,-25.5164,-145.3745
47:03.1,33,day,IERS2010 latitude -26.2940 N longitude -144.6262 E elevation 429287.0 m,,-26.294,-144.6262
47:19.7,34,day,IERS2010 latitude -27.0667 N longitude -143.8672 E elevation 429584.3 m,,-27.0667,-143.8672
47:36.3,35,day,IERS2010 latitude -27.8358 N longitude -143.0953 E elevation 429882.0 m,,-27.8358,-143.0953
47:52.9,36,day,IERS2010 latitude -28.5990 N longitude -142.3122 E elevation 430179.0 m,,-28.599,-142.3122
48:09.5,37,day,IERS2010 latitude -29.3571 N longitude -141.5163 E elevation 430475.5 m,,-29.3571,-141.5163
48:26.1,38,day,IERS2010 latitude -30.1092 N longitude -140.7078 E elevation 430770.9 m,,-30.1092,-140.7078
48:42.7,39,day,IERS2010 latitude -30.8555 N longitude -139.8858 E elevation 431065.0 m,,-30.8555,-139.8858
48:59.3,40,day,IERS2010 latitude -31.5949 N longitude -139.0506 E elevation 431357.2 m,,-31.5949,-139.0506
49:15.9,41,day,IERS2010 latitude -32.3278 N longitude -138.2009 E elevation 431647.4 m,,-32.3278,-138.2009
49:32.5,42,day,IERS2010 latitude -33.0522 N longitude -137.3385 E elevation 431934.7 m,,-33.0522,-137.3385
49:49.1,43,day,IERS2010 latitude -33.7714 N longitude -136.4583 E elevation 432220.2 m,,-33.7714,-136.4583
50:05.7,44,day,IERS2010 latitude -34.4818 N longitude -135.5640 E elevation 432502.1 m,,-34.4818,-135.564
50:22.3,45,day,IERS2010 latitude -35.1860 N longitude -134.6513 E elevation 432781.4 m,,-35.186,-134.6513
50:38.9,46,day,IERS2010 latitude -35.8812 N longitude -133.7226 E elevation 433056.9 m,,-35.8812,-133.7226
50:55.5,47,day,IERS2010 latitude -36.5676 N longitude -132.7769 E elevation 433328.3 m,,-36.5676,-132.7769
51:12.1,48,day,IERS2010 latitude -37.2459 N longitude -131.8121 E elevation 433595.9 m,,-37.2459,-131.8121
51:28.7,49,day,IERS2010 latitude -37.9132 N longitude -130.8315 E elevation 433858.2 m,,-37.9132,-130.8315
51:45.3,50,day,IERS2010 latitude -38.5727 N longitude -129.8291 E elevation 434116.4 m,,-38.5727,-129.8291
52:01.9,51,day,IERS2010 latitude -39.2199 N longitude -128.8106 E elevation 434368.6 m,,-39.2199,-128.8106
52:18.5,52,day,IERS2010 latitude -39.8571 N longitude -127.7717 E elevation 434615.6 m,,-39.8571,-127.7717
52:35.1,53,day,IERS2010 latitude -40.4856 N longitude -126.7084 E elevation 434857.8 m,,-40.4856,-126.7084
52:51.7,54,day,IERS2010 latitude -41.1026 N longitude -125.6244 E elevation 435093.8 m,,-41.1026,-125.6244
53:08.3,55,day,IERS2010 latitude -41.7053 N longitude -124.5235 E elevation 435322.7 m,,-41.7053,-124.5235
53:24.9,56,day,IERS2010 latitude -42.2965 N longitude -123.3996 E elevation 435545.2 m,,-42.2965,-123.3996
53:41.5,57,day,IERS2010 latitude -42.8768 N longitude -122.2496 E elevation 435761.6 m,,-42.8768,-122.2496
53:58.1,58,day,IERS2010 latitude -43.4419 N longitude -121.0811 E elevation 435970.2 m,,-43.4419,-121.0811
54:14.7,59,day,IERS2010 latitude -43.9952 N longitude -119.8855 E elevation 436172.1 m,,-43.9952,-119.8855
54:31.3,60,day,IERS2010 latitude -44.5338 N longitude -118.6674 E elevation 436366.3 m,,-44.5338,-118.6674
54:47.9,61,day,IERS2010 latitude -45.0573 N longitude -117.4263 E elevation 436552.6 m,,-45.0573,-117.4263
55:04.5,62,day,IERS2010 latitude -45.5657 N longitude -116.1610 E elevation 436730.8 m,,-45.5657,-116.161
55:21.2,63,day,IERS2010 latitude -46.0581 N longitude -114.8723 E elevation 436900.6 m,,-46.0581,-114.8723
55:37.8,64,day,IERS2010 latitude -46.5353 N longitude -113.5558 E elevation 437062.3 m,,-46.5353,-113.5558
55:54.5,65,day,IERS2010 latitude -46.9945 N longitude -112.2183 E elevation 437214.9 m,,-46.9945,-112.2183
56:11.1,66,day,IERS2010 latitude -47.4360 N longitude -110.8570 E elevation 437358.6 m,,-47.436,-110.857
56:27.7,67,day,IERS2010 latitude -47.8593 N longitude -109.4725 E elevation 437493.0 m,,-47.8593,-109.4725
56:44.3,68,day,IERS2010 latitude -48.2638 N longitude -108.0652 E elevation 437618.0 m,,-48.2638,-108.0652
57:00.9,69,day,IERS2010 latitude -48.6490 N longitude -106.6346 E elevation 437733.6 m,,-48.649,-106.6346
57:17.5,70,day,IERS2010 latitude -49.0147 N longitude -105.1808 E elevation 437839.5 m,,-49.0147,-105.1808
57:33.0,71,night,IERS2010 latitude -49.3594 N longitude -103.7079 E elevation 437935.4 m,,-49.3594,-103.7079
57:49.6,72,day,IERS2010 latitude -49.6613 N longitude -102.3186 E elevation 438015.7 m,,-49.6613,-102.3186
58:06.1,73,day,IERS2010 latitude -49.9651 N longitude -100.8068 E elevation 438092.1 m,,-49.9651,-100.8068
58:22.7,74,day,IERS2010 latitude -50.2471 N longitude -99.2757 E elevation 438158.4 m,,-50.2471,-99.2757
58:39.3,75,day,IERS2010 latitude -50.5064 N longitude -97.7288 E elevation 438214.3 m,,-50.5064,-97.7288
58:55.9,76,day,IERS2010 latitude -50.7432 N longitude -96.1644 E elevation 438259.8 m,,-50.7432,-96.1644
59:12.4,77,day,IERS2010 latitude -50.9571 N longitude -94.5826 E elevation 438294.9 m,,-50.9571,-94.5826
59:28.8,78,day,IERS2010 latitude -51.1474 N longitude -92.9867 E elevation 438319.4 m,,-51.1474,-92.9867
59:45.4,79,day,IERS2010 latitude -51.3114 N longitude -91.4034 E elevation 438333.0 m,,-51.3114,-91.4034
00:01.9,80,day,IERS2010 latitude -51.4542 N longitude -89.7819 E elevation 438336.3 m,,-51.4542,-89.7819
00:17.3,81,night,IERS2010 latitude -51.5720 N longitude -88.1595 E elevation 438328.8 m,,-51.572,-88.1595
00:32.7,82,night,IERS2010 latitude -51.6600 N longitude -86.6340 E elevation 438312.2 m,,-51.66,-86.634
00:49.3,83,day,IERS2010 latitude -51.7262 N longitude -85.1101 E elevation 438286.3 m,,-51.7262,-85.1101
01:05.9,84,day,IERS2010 latitude -51.7736 N longitude -83.4610 E elevation 438247.8 m,,-51.7736,-83.461
01:22.5,85,day,IERS2010 latitude -51.7959 N longitude -81.8062 E elevation 438198.5 m,,-51.7959,-81.8062
01:39.2,86,day,IERS2010 latitude -51.7929 N longitude -80.1536 E elevation 438138.3 m,,-51.7929,-80.1536
01:55.8,87,day,IERS2010 latitude -51.7647 N longitude -78.5012 E elevation 438067.3 m,,-51.7647,-78.5012
02:12.4,88,day,IERS2010 latitude -51.7113 N longitude -76.8498 E elevation 437985.4 m,,-51.7113,-76.8498
02:29.0,89,day,IERS2010 latitude -51.6329 N longitude -75.2053 E elevation 437892.8 m,,-51.6329,-75.2053
02:44.5,90,night,IERS2010 latitude -51.5296 N longitude -73.5672 E elevation 437789.5 m,,-51.5296,-73.5672
02:59.9,91,night,IERS2010 latitude -51.4113 N longitude -72.0507 E elevation 437683.8 m,,-51.4113,-72.0507
03:15.4,92,night,IERS2010 latitude -51.2718 N longitude -70.5435 E elevation 437568.9 m,,-51.2718,-70.5435
03:30.9,93,night,IERS2010 latitude -51.1112 N longitude -69.0443 E elevation 437444.9 m,,-51.1112,-69.0443
03:46.3,94,night,IERS2010 latitude -50.9300 N longitude -67.5578 E elevation 437311.9 m,,-50.93,-67.5578
04:01.8,95,night,IERS2010 latitude -50.7283 N longitude -66.0836 E elevation 437170.0 m,,-50.7283,-66.0836
04:17.2,96,night,IERS2010 latitude -50.5070 N longitude -64.6262 E elevation 437019.7 m,,-50.507,-64.6262
04:32.7,97,night,IERS2010 latitude -50.2653 N longitude -63.1797 E elevation 436860.2 m,,-50.2653,-63.1797
04:48.2,98,night,IERS2010 latitude -50.0046 N longitude -61.7509 E elevation 436692.3 m,,-50.0046,-61.7509
05:03.6,99,night,IERS2010 latitude -49.7243 N longitude -60.3361 E elevation 436515.7 m,,-49.7243,-60.3361
05:19.1,100,night,IERS2010 latitude -49.4257 N longitude -58.9400 E elevation 436330.9 m,,-49.4257,-58.94
05:34.6,101,night,IERS2010 latitude -49.1088 N longitude -57.5619 E elevation 436137.8 m,,-49.1088,-57.5619
05:50.0,102,night,IERS2010 latitude -48.7741 N longitude -56.2027 E elevation 435936.8 m,,-48.7741,-56.2027
06:05.5,103,night,IERS2010 latitude -48.4221 N longitude -54.8624 E elevation 435727.8 m,,-48.4221,-54.8624
06:21.0,104,night,IERS2010 latitude -48.0531 N longitude -53.5421 E elevation 435511.1 m,,-48.0531,-53.5421
06:36.4,105,night,IERS2010 latitude -47.6678 N longitude -52.2418 E elevation 435286.9 m,,-47.6678,-52.2418
06:51.9,106,night,IERS2010 latitude -47.2664 N longitude -50.9618 E elevation 435055.3 m,,-47.2664,-50.9618
07:07.4,107,night,IERS2010 latitude -46.8494 N longitude -49.7023 E elevation 434816.4 m,,-46.8494,-49.7023
07:22.8,108,night,IERS2010 latitude -46.4172 N longitude -48.4630 E elevation 434570.5 m,,-46.4172,-48.463
07:38.3,109,night,IERS2010 latitude -45.9705 N longitude -47.2447 E elevation 434317.9 m,,-45.9705,-47.2447
07:53.8,110,night,IERS2010 latitude -45.5095 N longitude -46.0469 E elevation 434058.5 m,,-45.5095,-46.0469
08:09.3,111,night,IERS2010 latitude -45.0347 N longitude -44.8697 E elevation 433792.8 m,,-45.0347,-44.8697
08:24.7,112,night,IERS2010 latitude -44.5465 N longitude -43.7129 E elevation 433520.8 m,,-44.5465,-43.7129
08:40.2,113,night,IERS2010 latitude -44.0454 N longitude -42.5766 E elevation 433242.9 m,,-44.0454,-42.5766
08:55.7,114,night,IERS2010 latitude -43.5320 N longitude -41.4608 E elevation 432959.2 m,,-43.532,-41.4608
09:11.1,115,night,IERS2010 latitude -43.0064 N longitude -40.3646 E elevation 432670.0 m,,-43.0064,-40.3646
09:26.6,116,night,IERS2010 latitude -42.4694 N longitude -39.2886 E elevation 432375.6 m,,-42.4694,-39.2886
09:42.1,117,night,IERS2010 latitude -41.9212 N longitude -38.2322 E elevation 432076.3 m,,-41.9212,-38.2322
09:57.5,118,night,IERS2010 latitude -41.3620 N longitude -37.1946 E elevation 431772.0 m,,-41.362,-37.1946
10:13.0,119,night,IERS2010 latitude -40.7926 N longitude -36.1762 E elevation 431463.3 m,,-40.7926,-36.1762
10:28.5,120,night,IERS2010 latitude -40.2130 N longitude -35.1760 E elevation 431150.3 m,,-40.213,-35.176
10:43.9,121,night,IERS2010 latitude -39.6239 N longitude -34.1940 E elevation 430833.4 m,,-39.6239,-34.194
10:59.4,122,night,IERS2010 latitude -39.0250 N longitude -33.2291 E elevation 430512.4 m,,-39.025,-33.2291
11:14.8,123,night,IERS2010 latitude -38.4176 N longitude -32.2823 E elevation 430188.3 m,,-38.4176,-32.2823
11:30.3,124,night,IERS2010 latitude -37.8013 N longitude -31.3519 E elevation 429860.8 m,,-37.8013,-31.3519
11:45.8,125,night,IERS2010 latitude -37.1766 N longitude -30.4380 E elevation 429530.3 m,,-37.1766,-30.438
12:01.2,126,night,IERS2010 latitude -36.5441 N longitude -29.5402 E elevation 429197.3 m,,-36.5441,-29.5402
12:16.7,127,night,IERS2010 latitude -35.9036 N longitude -28.6578 E elevation 428861.7 m,,-35.9036,-28.6578
12:32.2,128,night,IERS2010 latitude -35.2558 N longitude -27.7905 E elevation 428524.0 m,,-35.2558,-27.7905
12:47.6,129,night,IERS2010 latitude -34.6007 N longitude -26.9380 E elevation 428184.5 m,,-34.6007,-26.938
13:03.1,130,night,IERS2010 latitude -33.9386 N longitude -26.0995 E elevation 427843.3 m,,-33.9386,-26.0995
13:18.6,131,night,IERS2010 latitude -33.2700 N longitude -25.2750 E elevation 427500.9 m,,-33.27,-25.275
13:34.0,132,night,IERS2010 latitude -32.5950 N longitude -24.4640 E elevation 427157.4 m,,-32.595,-24.464
13:49.5,133,night,IERS2010 latitude -31.9138 N longitude -23.6658 E elevation 426813.2 m,,-31.9138,-23.6658
14:05.0,134,night,IERS2010 latitude -31.2266 N longitude -22.8801 E elevation 426468.4 m,,-31.2266,-22.8801
14:20.4,135,night,IERS2010 latitude -30.5337 N longitude -22.1066 E elevation 426123.5 m,,-30.5337,-22.1066
14:35.9,136,night,IERS2010 latitude -29.8360 N longitude -21.3454 E elevation 425779.0 m,,-29.836,-21.3454
14:51.4,137,night,IERS2010 latitude -29.1324 N longitude -20.5949 E elevation 425434.5 m,,-29.1324,-20.5949
15:06.8,138,night,IERS2010 latitude -28.4242 N longitude -19.8559 E elevation 425090.9 m,,-28.4242,-19.8559
15:22.3,139,night,IERS2010 latitude -27.7118 N longitude -19.1280 E elevation 424748.6 m,,-27.7118,-19.128
15:37.8,140,night,IERS2010 latitude -26.9944 N longitude -18.4099 E elevation 424407.2 m,,-26.9944,-18.4099
15:53.2,141,night,IERS2010 latitude -26.2721 N longitude -17.7012 E elevation 424067.2 m,,-26.2721,-17.7012
16:08.7,142,night,IERS2010 latitude -25.5461 N longitude -17.0023 E elevation 423729.1 m,,-25.5461,-17.0023
16:24.1,143,night,IERS2010 latitude -24.8161 N longitude -16.3127 E elevation 423393.1 m,,-24.8161,-16.3127
16:39.6,144,night,IERS2010 latitude -24.0822 N longitude -15.6318 E elevation 423059.3 m,,-24.0822,-15.6318
16:55.1,145,night,IERS2010 latitude -23.3442 N longitude -14.9589 E elevation 422727.9 m,,-23.3442,-14.9589
17:10.5,146,night,IERS2010 latitude -22.6030 N longitude -14.2944 E elevation 422399.6 m,,-22.603,-14.2944
17:26.0,147,night,IERS2010 latitude -21.8582 N longitude -13.6375 E elevation 422074.2 m,,-21.8582,-13.6375
17:41.5,148,night,IERS2010 latitude -21.1105 N longitude -12.9881 E elevation 421752.2 m,,-21.1105,-12.9881
17:56.9,149,night,IERS2010 latitude -20.3591 N longitude -12.3454 E elevation 421433.6 m,,-20.3591,-12.3454
18:12.4,150,night,IERS2010 latitude -19.6052 N longitude -11.7098 E elevation 421119.0 m,,-19.6052,-11.7098
18:27.9,151,night,IERS2010 latitude -18.8477 N longitude -11.0800 E elevation 420808.1 m,,-18.8477,-11.08
18:43.3,152,night,IERS2010 latitude -18.0881 N longitude -10.4568 E elevation 420501.6 m,,-18.0881,-10.4568
18:58.8,153,night,IERS2010 latitude -17.3257 N longitude -9.8392 E elevation 420199.6 m,,-17.3257,-9.8392
19:14.3,154,night,IERS2010 latitude -16.5610 N longitude -9.2273 E elevation 419902.4 m,,-16.561,-9.2273
19:29.7,155,night,IERS2010 latitude -15.7941 N longitude -8.6207 E elevation 419610.1 m,,-15.7941,-8.6207
19:45.2,156,night,IERS2010 latitude -15.0249 N longitude -8.0190 E elevation 419323.0 m,,-15.0249,-8.019
20:00.7,157,night,IERS2010 latitude -14.2542 N longitude -7.4224 E elevation 419041.3 m,,-14.2542,-7.4224
20:16.1,158,night,IERS2010 latitude -13.4810 N longitude -6.8298 E elevation 418765.0 m,,-13.481,-6.8298
20:31.6,159,night,IERS2010 latitude -12.7059 N longitude -6.2413 E elevation 418494.5 m,,-12.7059,-6.2413
20:47.1,160,night,IERS2010 latitude -11.9295 N longitude -5.6569 E elevation 418229.9 m,,-11.9295,-5.6569
21:02.5,161,night,IERS2010 latitude -11.1515 N longitude -5.0762 E elevation 417971.5 m,,-11.1515,-5.0762
21:18.0,162,night,IERS2010 latitude -10.3720 N longitude -4.4989 E elevation 417719.3 m,,-10.372,-4.4989
21:33.5,163,night,IERS2010 latitude -9.5911 N longitude -3.9247 E elevation 417473.5 m,,-9.5911,-3.9247
21:48.9,164,night,IERS2010 latitude -8.8089 N longitude -3.3532 E elevation 417234.3 m,,-8.8089,-3.3532
22:04.4,165,night,IERS2010 latitude -8.0257 N longitude -2.7845 E elevation 417001.8 m,,-8.0257,-2.7845
22:19.9,166,night,IERS2010 latitude -7.2411 N longitude -2.2180 E elevation 416776.1 m,,-7.2411,-2.218
22:35.4,167,night,IERS2010 latitude -6.4558 N longitude -1.6537 E elevation 416557.4 m,,-6.4558,-1.6537
22:50.8,168,night,IERS2010 latitude -5.6696 N longitude -1.0913 E elevation 416345.9 m,,-5.6696,-1.0913
23:06.3,169,night,IERS2010 latitude -4.8826 N longitude -0.5306 E elevation 416141.6 m,,-4.8826,-0.5306
23:21.8,170,night,IERS2010 latitude -4.0950 N longitude 0.0288 E elevation 415944.6 m,,-4.095,0.0288
23:37.2,171,night,IERS2010 latitude -3.3069 N longitude 0.5869 E elevation 415755.0 m,,-3.3069,0.5869
23:52.7,172,night,IERS2010 latitude -2.5183 N longitude 1.1441 E elevation 415573.0 m,,-2.5183,1.1441
24:08.2,173,night,IERS2010 latitude -1.7293 N longitude 1.7006 E elevation 415398.5 m,,-1.7293,1.7006
24:23.6,174,night,IERS2010 latitude -0.9402 N longitude 2.2565 E elevation 415231.8 m,,-0.9402,2.2565
24:39.1,175,night,IERS2010 latitude -0.1510 N longitude 2.8122 E elevation 415072.7 m,,-0.151,2.8122
24:54.6,176,night,IERS2010 latitude +0.6384 N longitude 3.3680 E elevation 414921.5 m,,0.6384,3.368
25:10.0,177,night,IERS2010 latitude +1.4276 N longitude 3.9238 E elevation 414778.1 m,,1.4276,3.9238
25:25.5,178,night,IERS2010 latitude +2.2168 N longitude 4.4802 E elevation 414642.5 m,,2.2168,4.4802
25:41.0,179,night,IERS2010 latitude +3.0056 N longitude 5.0371 E elevation 414514.8 m,,3.0056,5.0371
25:56.4,180,night,IERS2010 latitude +3.7940 N longitude 5.5950 E elevation 414395.1 m,,3.794,5.595
26:11.9,181,night,IERS2010 latitude +4.5821 N longitude 6.1541 E elevation 414283.3 m,,4.5821,6.1541
26:27.4,182,night,IERS2010 latitude +5.3703 N longitude 6.7150 E elevation 414179.3 m,,5.3703,6.715
26:42.9,183,night,IERS2010 latitude +6.1575 N longitude 7.2773 E elevation 414083.3 m,,6.1575,7.2773
26:58.3,184,night,IERS2010 latitude +6.9436 N longitude 7.8412 E elevation 413995.2 m,,6.9436,7.8412
27:13.8,185,night,IERS2010 latitude +7.7294 N longitude 8.4075 E elevation 413914.9 m,,7.7294,8.4075
27:29.3,186,night,IERS2010 latitude +8.5139 N longitude 8.9760 E elevation 413842.6 m,,8.5139,8.976
27:44.7,187,night,IERS2010 latitude +9.2973 N longitude 9.5470 E elevation 413778.0 m,,9.2973,9.547
28:00.2,188,night,IERS2010 latitude +10.0798 N longitude 10.1211 E elevation 413721.2 m,,10.0798,10.1211
28:15.7,189,night,IERS2010 latitude +10.8604 N longitude 10.6977 E elevation 413672.1 m,,10.8604,10.6977
28:31.1,190,night,IERS2010 latitude +11.6405 N longitude 11.2783 E elevation 413630.6 m,,11.6405,11.2783
28:46.6,191,night,IERS2010 latitude +12.4187 N longitude 11.8623 E elevation 413596.6 m,,12.4187,11.8623
29:02.0,192,night,IERS2010 latitude +13.1951 N longitude 12.4499 E elevation 413570.2 m,,13.1951,12.4499
29:17.5,193,night,IERS2010 latitude +13.9684 N longitude 13.0406 E elevation 413551.2 m,,13.9684,13.0406
29:33.0,194,night,IERS2010 latitude +14.7410 N longitude 13.6365 E elevation 413539.4 m,,14.741,13.6365
29:48.4,195,night,IERS2010 latitude +15.5122 N longitude 14.2376 E elevation 413534.7 m,,15.5122,14.2376
30:03.9,196,night,IERS2010 latitude +16.2810 N longitude 14.8433 E elevation 413537.2 m,,16.281,14.8433
30:19.4,197,night,IERS2010 latitude +17.0501 N longitude 15.4562 E elevation 413546.6 m,,17.0501,15.4562
30:34.9,198,night,IERS2010 latitude +17.8143 N longitude 16.0726 E elevation 413562.9 m,,17.8143,16.0726
30:50.3,199,night,IERS2010 latitude +18.5761 N longitude 16.6948 E elevation 413585.8 m,,18.5761,16.6948
31:05.8,200,night,IERS2010 latitude +19.3358 N longitude 17.3235 E elevation 413615.3 m,,19.3358,17.3235
31:21.2,201,night,IERS2010 latitude +20.0919 N longitude 17.9580 E elevation 413651.2 m,,20.0919,17.958
31:36.7,202,night,IERS2010 latitude +20.8462 N longitude 18.6000 E elevation 413693.4 m,,20.8462,18.6
31:52.2,203,night,IERS2010 latitude +21.5970 N longitude 19.2487 E elevation 413741.6 m,,21.597,19.2487
32:07.6,204,night,IERS2010 latitude +22.3447 N longitude 19.9047 E elevation 413795.8 m,,22.3447,19.9047
32:23.1,205,night,IERS2010 latitude +23.0892 N longitude 20.5685 E elevation 413855.8 m,,23.0892,20.5685
32:38.6,206,night,IERS2010 latitude +23.8303 N longitude 21.2404 E elevation 413921.4 m,,23.8303,21.2404
32:54.0,207,night,IERS2010 latitude +24.5676 N longitude 21.9206 E elevation 413992.4 m,,24.5676,21.9206
33:09.5,208,night,IERS2010 latitude +25.3016 N longitude 22.6100 E elevation 414068.7 m,,25.3016,22.61
33:25.0,209,night,IERS2010 latitude +26.0312 N longitude 23.3079 E elevation 414150.0 m,,26.0312,23.3079
33:40.4,210,night,IERS2010 latitude +26.7566 N longitude 24.0153 E elevation 414236.2 m,,26.7566,24.0153
33:55.9,211,night,IERS2010 latitude +27.4777 N longitude 24.7326 E elevation 414327.1 m,,27.4777,24.7326
34:11.3,212,night,IERS2010 latitude +28.1939 N longitude 25.4596 E elevation 414422.3 m,,28.1939,25.4596
34:26.8,213,night,IERS2010 latitude +28.9064 N longitude 26.1982 E elevation 414522.0 m,,28.9064,26.1982
34:42.3,214,night,IERS2010 latitude +29.6133 N longitude 26.9472 E elevation 414625.7 m,,29.6133,26.9472
34:57.7,215,night,IERS2010 latitude +30.3157 N longitude 27.7081 E elevation 414733.3 m,,30.3157,27.7081
35:13.2,216,night,IERS2010 latitude +31.0118 N longitude 28.4798 E elevation 414844.4 m,,31.0118,28.4798
35:28.7,217,night,IERS2010 latitude +31.7033 N longitude 29.2647 E elevation 414959.2 m,,31.7033,29.2647
35:44.1,218,night,IERS2010 latitude +32.3888 N longitude 30.0622 E elevation 415077.1 m,,32.3888,30.0622
35:59.6,219,night,IERS2010 latitude +33.0679 N longitude 30.8721 E elevation 415198.0 m,,33.0679,30.8721
36:15.1,220,night,IERS2010 latitude +33.7408 N longitude 31.6956 E elevation 415321.7 m,,33.7408,31.6956
36:30.5,221,night,IERS2010 latitude +34.4070 N longitude 32.5329 E elevation 415448.0 m,,34.407,32.5329
36:46.0,222,night,IERS2010 latitude +35.0667 N longitude 33.3848 E elevation 415576.7 m,,35.0667,33.3848
37:01.5,223,night,IERS2010 latitude +35.7193 N longitude 34.2515 E elevation 415707.5 m,,35.7193,34.2515
37:16.9,224,night,IERS2010 latitude +36.3644 N longitude 35.1332 E elevation 415840.2 m,,36.3644,35.1332
37:32.4,225,night,IERS2010 latitude +37.0018 N longitude 36.0306 E elevation 415974.7 m,,37.0018,36.0306
37:47.9,226,night,IERS2010 latitude +37.6314 N longitude 36.9443 E elevation 416110.7 m,,37.6314,36.9443
38:03.3,227,night,IERS2010 latitude +38.2526 N longitude 37.8743 E elevation 416248.0 m,,38.2526,37.8743
38:19.9,228,day,IERS2010 latitude +38.8652 N longitude 38.8213 E elevation 416386.3 m,,38.8652,38.8213
38:36.5,229,day,IERS2010 latitude +39.5119 N longitude 39.8556 E elevation 416535.5 m,,39.5119,39.8556
38:53.1,230,day,IERS2010 latitude +40.1485 N longitude 40.9115 E elevation 416685.5 m,,40.1485,40.9115
39:09.7,231,day,IERS2010 latitude +40.7743 N longitude 41.9890 E elevation 416836.1 m,,40.7743,41.989
39:26.3,232,day,IERS2010 latitude +41.3880 N longitude 43.0872 E elevation 416986.8 m,,41.388,43.0872
39:42.9,233,day,IERS2010 latitude +41.9898 N longitude 44.2079 E elevation 417137.5 m,,41.9898,44.2079
39:58.3,234,night,IERS2010 latitude +42.5783 N longitude 45.3494 E elevation 417287.7 m,,42.5783,45.3494
40:13.8,235,night,IERS2010 latitude +43.1145 N longitude 46.4325 E elevation 417427.0 m,,43.1145,46.4325
40:29.2,236,night,IERS2010 latitude +43.6392 N longitude 47.5361 E elevation 417565.7 m,,43.6392,47.5361
40:44.7,237,night,IERS2010 latitude +44.1515 N longitude 48.6598 E elevation 417703.5 m,,44.1515,48.6598
41:00.1,238,night,IERS2010 latitude +44.6515 N longitude 49.8044 E elevation 417840.3 m,,44.6515,49.8044
41:15.6,239,night,IERS2010 latitude +45.1383 N longitude 50.9690 E elevation 417975.7 m,,45.1383,50.969
41:31.0,240,night,IERS2010 latitude +45.6115 N longitude 52.1545 E elevation 418109.8 m,,45.6115,52.1545
41:46.5,241,night,IERS2010 latitude +46.0709 N longitude 53.3609 E elevation 418242.2 m,,46.0709,53.3609
42:01.9,242,night,IERS2010 latitude +46.5159 N longitude 54.5880 E elevation 418372.9 m,,46.5159,54.588
42:17.3,243,night,IERS2010 latitude +46.9460 N longitude 55.8362 E elevation 418501.6 m,,46.946,55.8362
42:32.8,244,night,IERS2010 latitude +47.3609 N longitude 57.1053 E elevation 418628.2 m,,47.3609,57.1053
42:48.2,245,night,IERS2010 latitude +47.7598 N longitude 58.3942 E elevation 418752.5 m,,47.7598,58.3942
43:03.7,246,night,IERS2010 latitude +48.1426 N longitude 59.7038 E elevation 418874.3 m,,48.1426,59.7038
43:19.1,247,night,IERS2010 latitude +48.5090 N longitude 61.0346 E elevation 418993.7 m,,48.509,61.0346
43:35.7,248,day,IERS2010 latitude +48.8580 N longitude 62.3842 E elevation 419110.3 m,,48.858,62.3842
43:52.3,249,day,IERS2010 latitude +49.2134 N longitude 63.8558 E elevation 419232.5 m,,49.2134,63.8558
44:08.9,250,day,IERS2010 latitude +49.5485 N longitude 65.3512 E elevation 419351.3 m,,49.5485,65.3512
44:25.6,251,day,IERS2010 latitude +49.8620 N longitude 66.8667 E elevation 419466.5 m,,49.862,66.8667
44:42.2,252,day,IERS2010 latitude +50.1537 N longitude 68.4030 E elevation 419578.1 m,,50.1537,68.403
44:58.8,253,day,IERS2010 latitude +50.4231 N longitude 69.9589 E elevation 419685.7 m,,50.4231,69.9589
45:15.4,254,day,IERS2010 latitude +50.6694 N longitude 71.5310 E elevation 419789.3 m,,50.6694,71.531
45:32.0,255,day,IERS2010 latitude +50.8924 N longitude 73.1206 E elevation 419888.9 m,,50.8924,73.1206
45:48.7,256,day,IERS2010 latitude +51.0916 N longitude 74.7245 E elevation 419984.1 m,,51.0916,74.7245
46:05.3,257,day,IERS2010 latitude +51.2667 N longitude 76.3417 E elevation 420075.0 m,,51.2667,76.3417
46:22.0,258,day,IERS2010 latitude +51.4177 N longitude 77.9752 E elevation 420161.7 m,,51.4177,77.9752
46:38.6,259,day,IERS2010 latitude +51.5438 N longitude 79.6183 E elevation 420243.9 m,,51.5438,79.6183
46:55.2,260,day,IERS2010 latitude +51.6445 N longitude 81.2662 E elevation 420321.3 m,,51.6445,81.2662
47:11.9,261,day,IERS2010 latitude +51.7203 N longitude 82.9244 E elevation 420394.2 m,,51.7203,82.9244
47:28.5,262,day,IERS2010 latitude +51.7706 N longitude 84.5889 E elevation 420462.5 m,,51.7706,84.5889
47:45.1,263,day,IERS2010 latitude +51.7953 N longitude 86.2507 E elevation 420525.9 m,,51.7953,86.2507
48:01.7,264,day,IERS2010 latitude +51.7946 N longitude 87.9123 E elevation 420584.5 m,,51.7946,87.9123
48:18.3,265,day,IERS2010 latitude +51.7684 N longitude 89.5743 E elevation 420638.3 m,,51.7684,89.5743
48:34.9,266,day,IERS2010 latitude +51.7169 N longitude 91.2293 E elevation 420687.3 m,,51.7169,91.2293
48:51.5,267,day,IERS2010 latitude +51.6399 N longitude 92.8848 E elevation 420731.7 m,,51.6399,92.8848
49:08.2,268,day,IERS2010 latitude +51.5378 N longitude 94.5317 E elevation 420771.2 m,,51.5378,94.5317
49:24.8,269,day,IERS2010 latitude +51.4108 N longitude 96.1703 E elevation 420806.0 m,,51.4108,96.1703
49:41.3,270,day,IERS2010 latitude +51.2591 N longitude 97.7979 E elevation 420836.1 m,,51.2591,97.7979
49:57.9,271,day,IERS2010 latitude +51.0835 N longitude 99.4095 E elevation 420861.4 m,,51.0835,99.4095
50:14.4,272,day,IERS2010 latitude +50.8844 N longitude 101.0046 E elevation 420882.2 m,,50.8844,101.0046
50:31.0,273,day,IERS2010 latitude +50.6616 N longitude 102.5856 E elevation 420898.3 m,,50.6616,102.5856
50:47.6,274,day,IERS2010 latitude +50.4150 N longitude 104.1549 E elevation 420910.1 m,,50.415,104.1549
51:04.1,275,day,IERS2010 latitude +50.1455 N longitude 105.7064 E elevation 420917.4 m,,50.1455,105.7064
51:20.7,276,day,IERS2010 latitude +49.8548 N longitude 107.2341 E elevation 420920.4 m,,49.8548,107.2341
51:37.3,277,day,IERS2010 latitude +49.5423 N longitude 108.7422 E elevation 420919.2 m,,49.5423,108.7422
51:53.9,278,day,IERS2010 latitude +49.2076 N longitude 110.2336 E elevation 420913.9 m,,49.2076,110.2336
52:10.4,279,day,IERS2010 latitude +48.8521 N longitude 111.7037 E elevation 420904.5 m,,48.8521,111.7037
52:26.9,280,day,IERS2010 latitude +48.4780 N longitude 113.1457 E elevation 420891.3 m,,48.478,113.1457
52:43.5,281,day,IERS2010 latitude +48.0838 N longitude 114.5669 E elevation 420874.3 m,,48.0838,114.5669
53:00.0,282,day,IERS2010 latitude +47.6697 N longitude 115.9678 E elevation 420853.7 m,,47.6697,115.9678
53:16.6,283,day,IERS2010 latitude +47.2384 N longitude 117.3409 E elevation 420829.6 m,,47.2384,117.3409
53:33.2,284,day,IERS2010 latitude +46.7873 N longitude 118.6961 E elevation 420802.1 m,,46.7873,118.6961
53:49.8,285,day,IERS2010 latitude +46.3189 N longitude 120.0269 E elevation 420771.5 m,,46.3189,120.0269
54:06.4,286,day,IERS2010 latitude +45.8339 N longitude 121.3327 E elevation 420737.8 m,,45.8339,121.3327
54:23.0,287,day,IERS2010 latitude +45.3317 N longitude 122.6171 E elevation 420701.2 m,,45.3317,122.6171
54:39.6,288,day,IERS2010 latitude +44.8137 N longitude 123.8774 E elevation 420662.0 m,,44.8137,123.8774
54:56.1,289,day,IERS2010 latitude +44.2817 N longitude 125.1109 E elevation 420620.3 m,,44.2817,125.1109
55:12.6,290,day,IERS2010 latitude +43.7381 N longitude 126.3143 E elevation 420576.6 m,,43.7381,126.3143
55:29.1,291,day,IERS2010 latitude +43.1802 N longitude 127.4955 E elevation 420530.9 m,,43.1802,127.4955
55:45.6,292,day,IERS2010 latitude +42.6093 N longitude 128.6530 E elevation 420483.2 m,,42.6093,128.653
56:02.0,293,day,IERS2010 latitude +42.0237 N longitude 129.7914 E elevation 420433.8 m,,42.0237,129.7914
56:18.6,294,day,IERS2010 latitude +41.4299 N longitude 130.8997 E elevation 420383.3 m,,41.4299,130.8997
56:35.2,295,day,IERS2010 latitude +40.8189 N longitude 131.9961 E elevation 420331.0 m,,40.8189,131.9961
56:51.8,296,day,IERS2010 latitude +40.1964 N longitude 133.0709 E elevation 420277.8 m,,40.1964,133.0709
57:08.4,297,day,IERS2010 latitude +39.5600 N longitude 134.1293 E elevation 420223.5 m,,39.56,134.1293
57:25.0,298,day,IERS2010 latitude +38.9133 N longitude 135.1663 E elevation 420168.6 m,,38.9133,135.1663
57:41.6,299,day,IERS2010 latitude +38.2567 N longitude 136.1827 E elevation 420113.4 m,,38.2567,136.1827
57:58.3,300,day,IERS2010 latitude +37.5903 N longitude 137.1794 E elevation 420058.1 m,,37.5903,137.1794
58:14.8,301,day,IERS2010 latitude +36.9132 N longitude 138.1588 E elevation 420002.8 m,,36.9132,138.1588
58:31.3,302,day,IERS2010 latitude +36.2321 N longitude 139.1126 E elevation 419948.2 m,,36.2321,139.1126
58:47.8,303,day,IERS2010 latitude +35.5409 N longitude 140.0508 E elevation 419894.1 m,,35.5409,140.0508
59:04.3,304,day,IERS2010 latitude +34.8440 N longitude 140.9683 E elevation 419841.0 m,,34.844,140.9683
59:20.8,305,day,IERS2010 latitude +34.1392 N longitude 141.8691 E elevation 419788.9 m,,34.1392,141.8691
59:37.3,306,day,IERS2010 latitude +33.4264 N longitude 142.7544 E elevation 419738.1 m,,33.4264,142.7544
59:53.8,307,day,IERS2010 latitude +32.7054 N longitude 143.6253 E elevation 419688.7 m,,32.7054,143.6253
00:10.3,308,day,IERS2010 latitude +31.9782 N longitude 144.4803 E elevation 419641.1 m,,31.9782,144.4803
00:26.8,309,day,IERS2010 latitude +31.2413 N longitude 145.3241 E elevation 419595.3 m,,31.2413,145.3241
00:43.4,310,day,IERS2010 latitude +30.5010 N longitude 146.1505 E elevation 419551.9 m,,30.501,146.1505
00:59.9,311,day,IERS2010 latitude +29.7519 N longitude 146.9662 E elevation 419510.8 m,,29.7519,146.9662
01:16.5,312,day,IERS2010 latitude +28.9996 N longitude 147.7660 E elevation 419472.5 m,,28.9996,147.766
01:33.1,313,day,IERS2010 latitude +28.2375 N longitude 148.5577 E elevation 419436.9 m,,28.2375,148.5577
01:49.7,314,day,IERS2010 latitude +27.4694 N longitude 149.3376 E elevation 419404.4 m,,27.4694,149.3376
02:06.3,315,day,IERS2010 latitude +26.6975 N longitude 150.1045 E elevation 419375.4 m,,26.6975,150.1045
02:22.9,316,day,IERS2010 latitude +25.9184 N longitude 150.8625 E elevation 419349.8 m,,25.9184,150.8625
02:39.5,317,day,IERS2010 latitude +25.1358 N longitude 151.6085 E elevation 419328.1 m,,25.1358,151.6085
02:56.1,318,day,IERS2010 latitude +24.3459 N longitude 152.3467 E elevation 419310.3 m,,24.3459,152.3467
03:12.7,319,day,IERS2010 latitude +23.5533 N longitude 153.0733 E elevation 419296.9 m,,23.5533,153.0733
03:29.3,320,day,IERS2010 latitude +22.7590 N longitude 153.7885 E elevation 419287.8 m,,22.759,153.7885
03:45.9,321,day,IERS2010 latitude +21.9589 N longitude 154.4962 E elevation 419283.4 m,,21.9589,154.4962
04:02.4,322,day,IERS2010 latitude +21.1584 N longitude 155.1925 E elevation 419283.8 m,,21.1584,155.1925
04:18.9,323,day,IERS2010 latitude +20.3547 N longitude 155.8803 E elevation 419289.1 m,,20.3547,155.8803
04:35.5,324,day,IERS2010 latitude +19.5479 N longitude 156.5602 E elevation 419299.6 m,,19.5479,156.5602
04:52.1,325,day,IERS2010 latitude +18.7374 N longitude 157.2331 E elevation 419315.3 m,,18.7374,157.2331
05:08.7,326,day,IERS2010 latitude +17.9200 N longitude 157.9021 E elevation 419336.6 m,,17.92,157.9021
05:25.4,327,day,IERS2010 latitude +17.0994 N longitude 158.5647 E elevation 419363.6 m,,17.0994,158.5647
05:42.0,328,day,IERS2010 latitude +16.2766 N longitude 159.2206 E elevation 419396.4 m,,16.2766,159.2206
05:58.6,329,day,IERS2010 latitude +15.4531 N longitude 159.8689 E elevation 419435.1 m,,15.4531,159.8689
06:15.2,330,day,IERS2010 latitude +14.6259 N longitude 160.5127 E elevation 419479.9 m,,14.6259,160.5127
06:31.8,331,day,IERS2010 latitude +13.7959 N longitude 161.1516 E elevation 419530.9 m,,13.7959,161.1516
06:48.4,332,day,IERS2010 latitude +12.9660 N longitude 161.7839 E elevation 419588.1 m,,12.966,161.7839
07:05.0,333,day,IERS2010 latitude +12.1322 N longitude 162.4130 E elevation 419651.9 m,,12.1322,162.413
07:21.6,334,day,IERS2010 latitude +11.2972 N longitude 163.0373 E elevation 419722.1 m,,11.2972,163.0373
07:38.2,335,day,IERS2010 latitude +10.4610 N longitude 163.6574 E elevation 419798.9 m,,10.461,163.6574
07:54.7,336,day,IERS2010 latitude +9.6253 N longitude 164.2722 E elevation 419882.1 m,,9.6253,164.2722
08:11.3,337,day,IERS2010 latitude +8.7899 N longitude 164.8824 E elevation 419971.9 m,,8.7899,164.8824
08:27.8,338,day,IERS2010 latitude +7.9524 N longitude 165.4903 E elevation 420068.5 m,,7.9524,165.4903
08:44.3,339,day,IERS2010 latitude +7.1149 N longitude 166.0946 E elevation 420171.7 m,,7.1149,166.0946
09:00.9,340,day,IERS2010 latitude +6.2772 N longitude 166.6959 E elevation 420281.7 m,,6.2772,166.6959
09:17.4,341,day,IERS2010 latitude +5.4359 N longitude 167.2969 E elevation 420398.8 m,,5.4359,167.2969
09:33.9,342,day,IERS2010 latitude +4.5972 N longitude 167.8938 E elevation 420522.4 m,,4.5972,167.8938
09:50.5,343,day,IERS2010 latitude +3.7558 N longitude 168.4906 E elevation 420653.1 m,,3.7558,168.4906
10:07.1,344,day,IERS2010 latitude +2.9135 N longitude 169.0863 E elevation 420790.7 m,,2.9135,169.0863
10:23.6,345,day,IERS2010 latitude +2.0697 N longitude 169.6818 E elevation 420935.3 m,,2.0697,169.6818
10:40.2,346,day,IERS2010 latitude +1.2271 N longitude 170.2755 E elevation 421086.6 m,,1.2271,170.2755
10:56.8,347,day,IERS2010 latitude +0.3816 N longitude 170.8708 E elevation 421245.1 m,,0.3816,170.8708
11:13.3,348,day,IERS2010 latitude -0.4630 N longitude 171.4653 E elevation 421410.3 m,,-0.463,171.4653
11:29.9,349,day,IERS2010 latitude -1.3054 N longitude 172.0584 E elevation 421581.7 m,,-1.3054,172.0584
11:46.5,350,day,IERS2010 latitude -2.1506 N longitude 172.6541 E elevation 421760.3 m,,-2.1506,172.6541
12:03.0,351,day,IERS2010 latitude -2.9949 N longitude 173.2500 E elevation 421945.4 m,,-2.9949,173.25
12:19.6,352,day,IERS2010 latitude -3.8349 N longitude 173.8442 E elevation 422136.1 m,,-3.8349,173.8442
12:36.2,353,day,IERS2010 latitude -4.6785 N longitude 174.4427 E elevation 422334.1 m,,-4.6785,174.4427
12:52.8,354,day,IERS2010 latitude -5.5206 N longitude 175.0421 E elevation 422538.1 m,,-5.5206,175.0421
13:09.4,355,day,IERS2010 latitude -6.3629 N longitude 175.6441 E elevation 422748.6 m,,-6.3629,175.6441
13:26.0,356,day,IERS2010 latitude -7.2043 N longitude 176.2483 E elevation 422965.0 m,,-7.2043,176.2483
13:42.6,357,day,IERS2010 latitude -8.0452 N longitude 176.8554 E elevation 423187.4 m,,-8.0452,176.8554
13:59.3,358,day,IERS2010 latitude -8.8853 N longitude 177.4655 E elevation 423415.7 m,,-8.8853,177.4655
14:15.9,359,day,IERS2010 latitude -9.7241 N longitude 178.0786 E elevation 423649.6 m,,-9.7241,178.0786
14:32.5,360,day,IERS2010 latitude -10.5621 N longitude 178.6956 E elevation 423889.0 m,,-10.5621,178.6956
14:49.1,361,day,IERS2010 latitude -11.3976 N longitude 179.3157 E elevation 424133.4 m,,-11.3976,179.3157
15:05.7,362,day,IERS2010 latitude -12.2301 N longitude 179.9387 E elevation 424382.4 m,,-12.2301,179.9387
15:22.3,363,day,IERS2010 latitude -13.0631 N longitude -179.4322 E elevation 424636.9 m,,-13.0631,-179.4322
15:38.9,364,day,IERS2010 latitude -13.8903 N longitude -178.8013 E elevation 424894.9 m,,-13.8903,-178.8013
15:55.4,365,day,IERS2010 latitude -14.7177 N longitude -178.1638 E elevation 425157.9 m,,-14.7177,-178.1638
16:12.0,366,day,IERS2010 latitude -15.5395 N longitude -177.5236 E elevation 425424.0 m,,-15.5395,-177.5236
16:28.5,367,day,IERS2010 latitude -16.3618 N longitude -176.8754 E elevation 425695.0 m,,-16.3618,-176.8754
16:45.1,368,day,IERS2010 latitude -17.1757 N longitude -176.2260 E elevation 425967.7 m,,-17.1757,-176.226
17:01.6,369,day,IERS2010 latitude -17.9912 N longitude -175.5668 E elevation 426245.3 m,,-17.9912,-175.5668
17:18.1,370,day,IERS2010 latitude -18.8006 N longitude -174.9038 E elevation 426524.9 m,,-18.8006,-174.9038
17:34.7,371,day,IERS2010 latitude -19.6083 N longitude -174.2325 E elevation 426807.9 m,,-19.6083,-174.2325
17:51.3,372,day,IERS2010 latitude -20.4163 N longitude -173.5511 E elevation 427094.7 m,,-20.4163,-173.5511
18:07.9,373,day,IERS2010 latitude -21.2196 N longitude -172.8629 E elevation 427383.5 m,,-21.2196,-172.8629
18:24.5,374,day,IERS2010 latitude -22.0214 N longitude -172.1648 E elevation 427675.1 m,,-22.0214,-172.1648
18:41.1,375,day,IERS2010 latitude -22.8184 N longitude -171.4590 E elevation 427968.1 m,,-22.8184,-171.459
18:57.7,376,day,IERS2010 latitude -23.6128 N longitude -170.7430 E elevation 428263.2 m,,-23.6128,-170.743
19:14.3,377,day,IERS2010 latitude -24.4022 N longitude -170.0184 E elevation 428559.2 m,,-24.4022,-170.0184
19:30.9,378,day,IERS2010 latitude -25.1866 N longitude -169.2845 E elevation 428855.9 m,,-25.1866,-169.2845
19:47.5,379,day,IERS2010 latitude -25.9637 N longitude -168.5432 E elevation 429152.1 m,,-25.9637,-168.5432
20:04.1,380,day,IERS2010 latitude -26.7401 N longitude -167.7871 E elevation 429450.3 m,,-26.7401,-167.7871
20:20.3,381,day,IERS2010 latitude -27.5106 N longitude -167.0209 E elevation 429748.1 m,,-27.5106,-167.0209
20:37.0,382,day,IERS2010 latitude -28.2612 N longitude -166.2582 E elevation 430039.9 m,,-28.2612,-166.2582
20:53.6,383,day,IERS2010 latitude -29.0226 N longitude -165.4669 E elevation 430337.4 m,,-29.0226,-165.4669
21:10.2,384,day,IERS2010 latitude -29.7774 N longitude -164.6641 E elevation 430633.6 m,,-29.7774,-164.6641
21:26.8,385,day,IERS2010 latitude -30.5263 N longitude -163.8481 E elevation 430928.6 m,,-30.5263,-163.8481
21:43.4,386,day,IERS2010 latitude -31.2699 N longitude -163.0174 E elevation 431222.5 m,,-31.2699,-163.0174
22:00.1,387,day,IERS2010 latitude -32.0065 N longitude -162.1734 E elevation 431514.3 m,,-32.0065,-162.1734
22:16.7,388,day,IERS2010 latitude -32.7358 N longitude -161.3153 E elevation 431803.7 m,,-32.7358,-161.3153
22:32.9,389,day,IERS2010 latitude -33.4581 N longitude -160.4420 E elevation 432090.6 m,,-33.4581,-160.442
22:49.6,390,day,IERS2010 latitude -34.1590 N longitude -159.5708 E elevation 432369.2 m,,-34.159,-159.5708
23:06.2,391,day,IERS2010 latitude -34.8666 N longitude -158.6658 E elevation 432650.3 m,,-34.8666,-158.6658
23:22.8,392,day,IERS2010 latitude -35.5662 N longitude -157.7440 E elevation 432928.0 m,,-35.5662,-157.744
23:39.4,393,day,IERS2010 latitude -36.2568 N longitude -156.8059 E elevation 433201.7 m,,-36.2568,-156.8059
23:55.9,394,day,IERS2010 latitude -36.9378 N longitude -155.8514 E elevation 433470.9 m,,-36.9378,-155.8514
24:12.6,395,day,IERS2010 latitude -37.6099 N longitude -154.8784 E elevation 433735.9 m,,-37.6099,-154.8784
24:29.1,396,day,IERS2010 latitude -38.2733 N longitude -153.8856 E elevation 433996.5 m,,-38.2733,-153.8856
24:45.7,397,day,IERS2010 latitude -38.9231 N longitude -152.8793 E elevation 434250.6 m,,-38.9231,-152.8793
25:02.2,398,day,IERS2010 latitude -39.5663 N longitude -151.8477 E elevation 434500.9 m,,-39.5663,-151.8477
25:18.9,399,day,IERS2010 latitude -40.1977 N longitude -150.7975 E elevation 434745.2 m,,-40.1977,-150.7975
25:35.4,400,day,IERS2010 latitude -40.8196 N longitude -149.7240 E elevation 434984.2 m,,-40.8196,-149.724
25:52.0,401,day,IERS2010 latitude -41.4276 N longitude -148.6335 E elevation 435216.2 m,,-41.4276,-148.6335
26:08.6,402,day,IERS2010 latitude -42.0253 N longitude -147.5181 E elevation 435442.4 m,,-42.0253,-147.5181
26:25.3,403,day,IERS2010 latitude -42.6115 N longitude -146.3785 E elevation 435662.4 m,,-42.6115,-146.3785
26:41.9,404,day,IERS2010 latitude -43.1843 N longitude -145.2173 E elevation 435875.1 m,,-43.1843,-145.2173
26:58.5,405,day,IERS2010 latitude -43.7435 N longitude -144.0332 E elevation 436080.6 m,,-43.7435,-144.0332
27:15.1,406,day,IERS2010 latitude -44.2883 N longitude -142.8267 E elevation 436278.5 m,,-44.2883,-142.8267
27:31.7,407,day,IERS2010 latitude -44.8194 N longitude -141.5949 E elevation 436468.9 m,,-44.8194,-141.5949
27:48.3,408,day,IERS2010 latitude -45.3347 N longitude -140.3409 E elevation 436651.1 m,,-45.3347,-140.3409
28:05.0,409,day,IERS2010 latitude -45.8347 N longitude -139.0623 E elevation 436825.2 m,,-45.8347,-139.0623
28:21.6,410,day,IERS2010 latitude -46.3188 N longitude -137.7591 E elevation 436990.9 m,,-46.3188,-137.7591
28:38.2,411,day,IERS2010 latitude -46.7858 N longitude -136.4327 E elevation 437147.9 m,,-46.7858,-136.4327
28:54.9,412,day,IERS2010 latitude -47.2357 N longitude -135.0816 E elevation 437296.0 m,,-47.2357,-135.0816
29:11.5,413,day,IERS2010 latitude -47.6685 N longitude -133.7042 E elevation 437435.3 m,,-47.6685,-133.7042
29:28.1,414,day,IERS2010 latitude -48.0820 N longitude -132.3060 E elevation 437565.1 m,,-48.082,-132.306
29:44.8,415,day,IERS2010 latitude -48.4761 N longitude -130.8858 E elevation 437685.3 m,,-48.4761,-130.8858
30:01.3,416,day,IERS2010 latitude -48.8506 N longitude -129.4433 E elevation 437795.8 m,,-48.8506,-129.4433
30:17.9,417,day,IERS2010 latitude -49.2034 N longitude -127.9851 E elevation 437896.2 m,,-49.2034,-127.9851
30:33.4,418,night,IERS2010 latitude -49.5373 N longitude -126.4990 E elevation 437987.1 m,,-49.5373,-126.499
30:50.0,419,day,IERS2010 latitude -49.8285 N longitude -125.0995 E elevation 438062.6 m,,-49.8285,-125.0995
31:06.5,420,day,IERS2010 latitude -50.1208 N longitude -123.5757 E elevation 438133.9 m,,-50.1208,-123.5757
31:23.1,421,day,IERS2010 latitude -50.3907 N longitude -122.0352 E elevation 438194.8 m,,-50.3907,-122.0352
31:39.7,422,day,IERS2010 latitude -50.6383 N longitude -120.4757 E elevation 438245.5 m,,-50.6383,-120.4757
31:56.3,423,day,IERS2010 latitude -50.8628 N longitude -118.9005 E elevation 438285.6 m,,-50.8628,-118.9005
32:12.9,424,day,IERS2010 latitude -51.0639 N longitude -117.3106 E elevation 438315.1 m,,-51.0639,-117.3106
32:29.5,425,day,IERS2010 latitude -51.2415 N longitude -115.7046 E elevation 438334.1 m,,-51.2415,-115.7046
32:47.2,426,day,IERS2010 latitude -51.3950 N longitude -114.0875 E elevation 438342.3 m,,-51.395,-114.0875
33:03.7,427,day,IERS2010 latitude -51.5313 N longitude -112.3567 E elevation 438339.2 m,,-51.5313,-112.3567
33:20.3,428,day,IERS2010 latitude -51.6340 N longitude -110.7239 E elevation 438325.2 m,,-51.634,-110.7239
33:36.9,429,day,IERS2010 latitude -51.7120 N longitude -109.0815 E elevation 438300.3 m,,-51.712,-109.0815
33:53.5,430,day,IERS2010 latitude -51.7650 N longitude -107.4356 E elevation 438264.7 m,,-51.765,-107.4356
34:10.1,431,day,IERS2010 latitude -51.7930 N longitude -105.7835 E elevation 438218.1 m,,-51.793,-105.7835
34:26.7,432,day,IERS2010 latitude -51.7958 N longitude -104.1299 E elevation 438160.6 m,,-51.7958,-104.1299
34:43.4,433,day,IERS2010 latitude -51.7734 N longitude -102.4768 E elevation 438092.3 m,,-51.7734,-102.4768
35:00.0,434,day,IERS2010 latitude -51.7257 N longitude -100.8233 E elevation 438013.0 m,,-51.7257,-100.8233
35:16.6,435,day,IERS2010 latitude -51.6530 N longitude -99.1784 E elevation 437923.1 m,,-51.653,-99.1784
35:32.0,436,night,IERS2010 latitude -51.5557 N longitude -97.5430 E elevation 437822.8 m,,-51.5557,-97.543
35:47.4,437,night,IERS2010 latitude -51.4428 N longitude -96.0262 E elevation 437719.7 m,,-51.4428,-96.0262
36:02.9,438,night,IERS2010 latitude -51.3087 N longitude -94.5173 E elevation 437607.4 m,,-51.3087,-94.5173
36:18.3,439,night,IERS2010 latitude -51.1537 N longitude -93.0185 E elevation 437486.0 m,,-51.1537,-93.0185
36:33.8,440,night,IERS2010 latitude -50.9780 N longitude -91.5318 E elevation 437355.8 m,,-50.978,-91.5318
36:49.2,441,night,IERS2010 latitude -50.7817 N longitude -90.0555 E elevation 437216.4 m,,-50.7817,-90.0555
37:04.7,442,night,IERS2010 latitude -50.5651 N longitude -88.5926 E elevation 437068.3 m,,-50.5651,-88.5926
37:20.1,443,night,IERS2010 latitude -50.3289 N longitude -87.1450 E elevation 436911.4 m,,-50.3289,-87.145
37:35.6,444,night,IERS2010 latitude -50.0733 N longitude -85.7130 E elevation 436746.0 m,,-50.0733,-85.713
37:51.0,445,night,IERS2010 latitude -49.7986 N longitude -84.2976 E elevation 436572.2 m,,-49.7986,-84.2976
38:06.5,446,night,IERS2010 latitude -49.5052 N longitude -82.8992 E elevation 436390.0 m,,-49.5052,-82.8992
38:21.9,447,night,IERS2010 latitude -49.1934 N longitude -81.5178 E elevation 436199.4 m,,-49.1934,-81.5178
38:37.3,448,night,IERS2010 latitude -48.8638 N longitude -80.1555 E elevation 436000.9 m,,-48.8638,-80.1555
38:52.8,449,night,IERS2010 latitude -48.5170 N longitude -78.8126 E elevation 435794.5 m,,-48.517,-78.8126
39:08.2,450,night,IERS2010 latitude -48.1530 N longitude -77.4891 E elevation 435580.3 m,,-48.153,-77.4891
39:23.7,451,night,IERS2010 latitude -47.7726 N longitude -76.1853 E elevation 435358.5 m,,-47.7726,-76.1853
39:39.1,452,night,IERS2010 latitude -47.3760 N longitude -74.9015 E elevation 435129.3 m,,-47.376,-74.9015
39:54.6,453,night,IERS2010 latitude -46.9639 N longitude -73.6385 E elevation 434892.9 m,,-46.9639,-73.6385
40:10.0,454,night,IERS2010 latitude -46.5363 N longitude -72.3955 E elevation 434649.4 m,,-46.5363,-72.3955
40:25.4,455,night,IERS2010 latitude -46.0941 N longitude -71.1730 E elevation 434398.9 m,,-46.0941,-71.173
40:40.9,456,night,IERS2010 latitude -45.6378 N longitude -69.9718 E elevation 434142.0 m,,-45.6378,-69.9718
40:56.3,457,night,IERS2010 latitude -45.1677 N longitude -68.7912 E elevation 433878.6 m,,-45.1677,-68.7912
41:11.8,458,night,IERS2010 latitude -44.6839 N longitude -67.6306 E elevation 433608.8 m,,-44.6839,-67.6306
41:27.2,459,night,IERS2010 latitude -44.1872 N longitude -66.4905 E elevation 433333.1 m,,-44.1872,-66.4905
41:42.7,460,night,IERS2010 latitude -43.6782 N longitude -65.3710 E elevation 433051.7 m,,-43.6782,-65.371
41:58.1,461,night,IERS2010 latitude -43.1570 N longitude -64.2713 E elevation 432764.6 m,,-43.157,-64.2713
42:13.6,462,night,IERS2010 latitude -42.6240 N longitude -63.1913 E elevation 432472.2 m,,-42.624,-63.1913
42:29.0,463,night,IERS2010 latitude -42.0797 N longitude -62.1307 E elevation 432174.7 m,,-42.0797,-62.1307
42:44.4,464,night,IERS2010 latitude -41.5245 N longitude -61.0894 E elevation 431872.4 m,,-41.5245,-61.0894
42:59.9,465,night,IERS2010 latitude -40.9590 N longitude -60.0672 E elevation 431565.5 m,,-40.959,-60.0672
43:15.3,466,night,IERS2010 latitude -40.3830 N longitude -59.0629 E elevation 431254.2 m,,-40.383,-59.0629
43:30.8,467,night,IERS2010 latitude -39.7973 N longitude -58.0769 E elevation 430938.8 m,,-39.7973,-58.0769
43:46.2,468,night,IERS2010 latitude -39.2024 N longitude -57.1089 E elevation 430619.7 m,,-39.2024,-57.1089
44:01.6,469,night,IERS2010 latitude -38.5983 N longitude -56.1579 E elevation 430296.9 m,,-38.5983,-56.1579
44:17.1,470,night,IERS2010 latitude -37.9866 N longitude -55.2258 E elevation 429971.5 m,,-37.9866,-55.2258
44:32.5,471,night,IERS2010 latitude -37.3654 N longitude -54.3084 E elevation 429642.4 m,,-37.3654,-54.3084
44:48.0,472,night,IERS2010 latitude -36.7361 N longitude -53.4070 E elevation 429310.6 m,,-36.7361,-53.407
45:03.4,473,night,IERS2010 latitude -36.0986 N longitude -52.5209 E elevation 428976.1 m,,-36.0986,-52.5209
45:18.8,474,night,IERS2010 latitude -35.4537 N longitude -51.6500 E elevation 428639.4 m,,-35.4537,-51.65
45:34.3,475,night,IERS2010 latitude -34.8019 N longitude -50.7945 E elevation 428301.0 m,,-34.8019,-50.7945
45:49.7,476,night,IERS2010 latitude -34.1429 N longitude -49.9531 E elevation 427960.8 m,,-34.1429,-49.9531
46:05.2,477,night,IERS2010 latitude -33.4771 N longitude -49.1253 E elevation 427619.1 m,,-33.4771,-49.1253
46:20.6,478,night,IERS2010 latitude -32.8050 N longitude -48.3113 E elevation 427276.4 m,,-32.805,-48.3113
46:36.1,479,night,IERS2010 latitude -32.1268 N longitude -47.5104 E elevation 426932.9 m,,-32.1268,-47.5104
46:51.5,480,night,IERS2010 latitude -31.4428 N longitude -46.7224 E elevation 426588.9 m,,-31.4428,-46.7224
47:07.0,481,night,IERS2010 latitude -30.7529 N longitude -45.9465 E elevation 426244.6 m,,-30.7529,-45.9465
47:22.4,482,night,IERS2010 latitude -30.0574 N longitude -45.1822 E elevation 425900.3 m,,-30.0574,-45.1822
47:37.8,483,night,IERS2010 latitude -29.3570 N longitude -44.4299 E elevation 425556.4 m,,-29.357,-44.4299
47:53.3,484,night,IERS2010 latitude -28.6515 N longitude -43.6886 E elevation 425213.1 m,,-28.6515,-43.6886
48:08.7,485,night,IERS2010 latitude -27.9409 N longitude -42.9576 E elevation 424870.5 m,,-27.9409,-42.9576
48:24.2,486,night,IERS2010 latitude -27.2256 N longitude -42.2369 E elevation 424528.9 m,,-27.2256,-42.2369
48:39.6,487,night,IERS2010 latitude -26.5061 N longitude -41.5265 E elevation 424189.0 m,,-26.5061,-41.5265
48:55.1,488,night,IERS2010 latitude -25.7824 N longitude -40.8255 E elevation 423850.6 m,,-25.7824,-40.8255
49:10.5,489,night,IERS2010 latitude -25.0542 N longitude -40.1334 E elevation 423514.1 m,,-25.0542,-40.1334
49:25.9,490,night,IERS2010 latitude -24.3222 N longitude -39.4504 E elevation 423179.8 m,,-24.3222,-39.4504
49:41.4,491,night,IERS2010 latitude -23.5868 N longitude -38.7760 E elevation 422848.1 m,,-23.5868,-38.776
49:56.8,492,night,IERS2010 latitude -22.8477 N longitude -38.1098 E elevation 422519.1 m,,-22.8477,-38.1098
50:12.3,493,night,IERS2010 latitude -22.1053 N longitude -37.4515 E elevation 422193.2 m,,-22.1053,-37.4515
50:27.7,494,night,IERS2010 latitude -21.3588 N longitude -36.7999 E elevation 421870.1 m,,-21.3588,-36.7999
50:43.1,495,night,IERS2010 latitude -20.6100 N longitude -36.1561 E elevation 421550.8 m,,-20.61,-36.1561
50:58.6,496,night,IERS2010 latitude -19.8581 N longitude -35.5192 E elevation 421235.2 m,,-19.8581,-35.5192
51:14.0,497,night,IERS2010 latitude -19.1030 N longitude -34.8885 E elevation 420923.4 m,,-19.103,-34.8885
51:29.5,498,night,IERS2010 latitude -18.3460 N longitude -34.2647 E elevation 420616.1 m,,-18.346,-34.2647
51:44.9,499,night,IERS2010 latitude -17.5851 N longitude -33.6457 E elevation 420312.7 m,,-17.5851,-33.6457
52:00.4,500,night,IERS2010 latitude -16.8225 N longitude -33.0330 E elevation 420014.2 m,,-16.8225,-33.033
52:15.8,501,night,IERS2010 latitude -16.0575 N longitude -32.4255 E elevation 419720.5 m,,-16.0575,-32.4255
52:31.3,502,night,IERS2010 latitude -15.2901 N longitude -31.8229 E elevation 419431.8 m,,-15.2901,-31.8229
52:46.7,503,night,IERS2010 latitude -14.5208 N longitude -31.2253 E elevation 419148.4 m,,-14.5208,-31.2253
53:02.1,504,night,IERS2010 latitude -13.7502 N longitude -30.6327 E elevation 418870.7 m,,-13.7502,-30.6327
53:17.6,505,night,IERS2010 latitude -12.9775 N longitude -30.0441 E elevation 418598.6 m,,-12.9775,-30.0441
53:33.0,506,night,IERS2010 latitude -12.2026 N longitude -29.4591 E elevation 418332.1 m,,-12.2026,-29.4591
53:48.5,507,night,IERS2010 latitude -11.4263 N longitude -28.8780 E elevation 418071.7 m,,-11.4263,-28.878
54:03.9,508,night,IERS2010 latitude -10.6483 N longitude -28.3002 E elevation 417817.5 m,,-10.6483,-28.3002
54:19.4,509,night,IERS2010 latitude -9.8693 N longitude -27.7260 E elevation 417569.7 m,,-9.8693,-27.726
54:34.8,510,night,IERS2010 latitude -9.0887 N longitude -27.1544 E elevation 417328.3 m,,-9.0887,-27.1544
54:50.2,511,night,IERS2010 latitude -8.3068 N longitude -26.5854 E elevation 417093.5 m,,-8.3068,-26.5854
55:05.7,512,night,IERS2010 latitude -7.5238 N longitude -26.0190 E elevation 416865.5 m,,-7.5238,-26.019
55:21.1,513,night,IERS2010 latitude -6.7401 N longitude -25.4549 E elevation 416644.5 m,,-6.7401,-25.4549
55:36.6,514,night,IERS2010 latitude -5.9555 N longitude -24.8928 E elevation 416430.5 m,,-5.9555,-24.8928
55:52.0,515,night,IERS2010 latitude -5.1701 N longitude -24.3324 E elevation 416223.7 m,,-5.1701,-24.3324
56:07.5,516,night,IERS2010 latitude -4.3837 N longitude -23.7732 E elevation 416024.0 m,,-4.3837,-23.7732
56:22.9,517,night,IERS2010 latitude -3.5970 N longitude -23.2156 E elevation 415831.8 m,,-3.597,-23.2156
56:38.4,518,night,IERS2010 latitude -2.8099 N longitude -22.6590 E elevation 415647.1 m,,-2.8099,-22.659
56:53.8,519,night,IERS2010 latitude -2.0221 N longitude -22.1030 E elevation 415469.9 m,,-2.0221,-22.103
57:09.3,520,night,IERS2010 latitude -1.2343 N longitude -21.5478 E elevation 415300.3 m,,-1.2343,-21.5478
57:24.7,521,night,IERS2010 latitude -0.4466 N longitude -20.9931 E elevation 415138.4 m,,-0.4466,-20.9931
57:40.1,522,night,IERS2010 latitude +0.3418 N longitude -20.4381 E elevation 414984.2 m,,0.3418,-20.4381
57:55.6,523,night,IERS2010 latitude +1.1292 N longitude -19.8836 E elevation 414838.0 m,,1.1292,-19.8836
58:11.0,524,night,IERS2010 latitude +1.9180 N longitude -19.3277 E elevation 414699.3 m,,1.918,-19.3277
58:26.5,525,night,IERS2010 latitude +2.7058 N longitude -18.7718 E elevation 414568.6 m,,2.7058,-18.7718
58:41.9,526,night,IERS2010 latitude +3.4930 N longitude -18.2153 E elevation 414445.8 m,,3.493,-18.2153
58:57.4,527,night,IERS2010 latitude +4.2801 N longitude -17.6575 E elevation 414330.9 m,,4.2801,-17.6575
59:12.8,528,night,IERS2010 latitude +5.0667 N longitude -17.0985 E elevation 414223.8 m,,5.0667,-17.0985
59:28.2,529,night,IERS2010 latitude +5.8529 N longitude -16.5377 E elevation 414124.7 m,,5.8529,-16.5377
59:43.7,530,night,IERS2010 latitude +6.6380 N longitude -15.9756 E elevation 414033.4 m,,6.638,-15.9756
59:59.1,531,night,IERS2010 latitude +7.4223 N longitude -15.4114 E elevation 413950.0 m,,7.4223,-15.4114
00:14.6,532,night,IERS2010 latitude +8.2064 N longitude -14.8444 E elevation 413874.4 m,,8.2064,-14.8444
00:30.0,533,night,IERS2010 latitude +8.9891 N longitude -14.2753 E elevation 413806.6 m,,8.9891,-14.2753
00:45.5,534,night,IERS2010 latitude +9.7706 N longitude -13.7035 E elevation 413746.6 m,,9.7706,-13.7035
01:00.9,535,night,IERS2010 latitude +10.5512 N longitude -13.1284 E elevation 413694.3 m,,10.5512,-13.1284
01:16.4,536,night,IERS2010 latitude +11.3302 N longitude -12.5504 E elevation 413649.5 m,,11.3302,-12.5504
01:31.8,537,night,IERS2010 latitude +12.1079 N longitude -11.9687 E elevation 413612.4 m,,12.1079,-11.9687
01:47.2,538,night,IERS2010 latitude +12.8837 N longitude -11.3836 E elevation 413582.7 m,,12.8837,-11.3836
02:02.7,539,night,IERS2010 latitude +13.6580 N longitude -10.7944 E elevation 413560.5 m,,13.658,-10.7944
02:18.1,540,night,IERS2010 latitude +14.4308 N longitude -10.2006 E elevation 413545.5 m,,14.4308,-10.2006
02:33.6,541,night,IERS2010 latitude +15.2018 N longitude -9.6024 E elevation 413537.7 m,,15.2018,-9.6024
02:49.0,542,night,IERS2010 latitude +15.9704 N longitude -8.9995 E elevation 413537.0 m,,15.9704,-8.9995
03:04.5,543,night,IERS2010 latitude +16.7371 N longitude -8.3913 E elevation 413543.3 m,,16.7371,-8.3913
03:19.9,544,night,IERS2010 latitude +17.5015 N longitude -7.7779 E elevation 413556.5 m,,17.5015,-7.7779
03:35.4,545,night,IERS2010 latitude +18.2637 N longitude -7.1586 E elevation 413576.4 m,,18.2637,-7.1586
03:50.8,546,night,IERS2010 latitude +19.0237 N longitude -6.5330 E elevation 413602.9 m,,19.0237,-6.533
04:06.3,547,night,IERS2010 latitude +19.7808 N longitude -5.9013 E elevation 413635.9 m,,19.7808,-5.9013
04:21.7,548,night,IERS2010 latitude +20.5349 N longitude -5.2634 E elevation 413675.1 m,,20.5349,-5.2634
04:37.1,549,night,IERS2010 latitude +21.2859 N longitude -4.6185 E elevation 413720.5 m,,21.2859,-4.6185
04:52.6,550,night,IERS2010 latitude +22.0340 N longitude -3.9664 E elevation 413771.9 m,,22.034,-3.9664
05:08.0,551,night,IERS2010 latitude +22.7784 N longitude -3.3071 E elevation 413829.1 m,,22.7784,-3.3071
05:23.5,552,night,IERS2010 latitude +23.5204 N longitude -2.6392 E elevation 413892.0 m,,23.5204,-2.6392
05:38.9,553,night,IERS2010 latitude +24.2581 N longitude -1.9636 E elevation 413960.4 m,,24.2581,-1.9636
05:54.4,554,night,IERS2010 latitude +24.9925 N longitude -1.2791 E elevation 414034.1 m,,24.9925,-1.2791
06:09.8,555,night,IERS2010 latitude +25.7230 N longitude -0.5857 E elevation 414112.9 m,,25.723,-0.5857
06:25.2,556,night,IERS2010 latitude +26.4491 N longitude 0.1165 E elevation 414196.6 m,,26.4491,0.1165
06:40.7,557,night,IERS2010 latitude +27.1710 N longitude 0.8285 E elevation 414285.0 m,,27.171,0.8285
06:56.1,558,night,IERS2010 latitude +27.8888 N longitude 1.5509 E elevation 414378.1 m,,27.8888,1.5509
07:11.6,559,night,IERS2010 latitude +28.6018 N longitude 2.2833 E elevation 414475.4 m,,28.6018,2.2833
07:27.0,560,night,IERS2010 latitude +29.3100 N longitude 3.0266 E elevation 414577.0 m,,29.31,3.0266
07:42.4,561,night,IERS2010 latitude +30.0129 N longitude 3.7808 E elevation 414682.4 m,,30.0129,3.7808
07:57.9,562,night,IERS2010 latitude +30.7109 N longitude 4.5468 E elevation 414791.6 m,,30.7109,4.5468
08:13.3,563,night,IERS2010 latitude +31.4032 N longitude 5.3246 E elevation 414904.3 m,,31.4032,5.3246
08:28.8,564,night,IERS2010 latitude +32.0902 N longitude 6.1152 E elevation 415020.3 m,,32.0902,6.1152
08:44.2,565,night,IERS2010 latitude +32.7712 N longitude 6.9184 E elevation 415139.5 m,,32.7712,6.9184
08:59.7,566,night,IERS2010 latitude +33.4460 N longitude 7.7349 E elevation 415261.5 m,,33.446,7.7349
09:15.1,567,night,IERS2010 latitude +34.1144 N longitude 8.5652 E elevation 415386.2 m,,34.1144,8.5652
09:30.5,568,night,IERS2010 latitude +34.7761 N longitude 9.4094 E elevation 415513.4 m,,34.7761,9.4094
09:46.0,569,night,IERS2010 latitude +35.4308 N longitude 10.2681 E elevation 415642.8 m,,35.4308,10.2681
10:01.4,570,night,IERS2010 latitude +36.0783 N longitude 11.1418 E elevation 415774.2 m,,36.0783,11.1418
10:16.9,571,night,IERS2010 latitude +36.7181 N longitude 12.0307 E elevation 415907.4 m,,36.7181,12.0307
10:32.3,572,night,IERS2010 latitude +37.3502 N longitude 12.9355 E elevation 416042.2 m,,37.3502,12.9355
10:47.8,573,night,IERS2010 latitude +37.9742 N longitude 13.8567 E elevation 416178.4 m,,37.9742,13.8567
11:03.2,574,night,IERS2010 latitude +38.5897 N longitude 14.7943 E elevation 416315.7 m,,38.5897,14.7943
11:19.8,575,day,IERS2010 latitude +39.1973 N longitude 15.7505 E elevation 416454.2 m,,39.1973,15.7505
11:36.4,576,day,IERS2010 latitude +39.8392 N longitude 16.7963 E elevation 416603.6 m,,39.8392,16.7963
11:53.0,577,day,IERS2010 latitude +40.4703 N longitude 17.8633 E elevation 416753.7 m,,40.4703,17.8633
12:09.7,578,day,IERS2010 latitude +41.0905 N longitude 18.9524 E elevation 416904.1 m,,41.0905,18.9524
12:26.3,579,day,IERS2010 latitude +41.6983 N longitude 20.0622 E elevation 417054.6 m,,41.6983,20.0622
12:42.9,580,day,IERS2010 latitude +42.2944 N longitude 21.1956 E elevation 417205.0 m,,42.2944,21.1956
12:59.4,581,day,IERS2010 latitude +42.8771 N longitude 22.3504 E elevation 417354.8 m,,42.8771,22.3504
13:14.9,582,night,IERS2010 latitude +43.4454 N longitude 23.5260 E elevation 417503.6 m,,43.4454,23.526
13:30.3,583,night,IERS2010 latitude +43.9620 N longitude 24.6414 E elevation 417641.4 m,,43.962,24.6414
13:45.8,584,night,IERS2010 latitude +44.4665 N longitude 25.7778 E elevation 417778.3 m,,44.4665,25.7778
14:01.2,585,night,IERS2010 latitude +44.9585 N longitude 26.9355 E elevation 417914.0 m,,44.9585,26.9355
14:16.7,586,night,IERS2010 latitude +45.4368 N longitude 28.1132 E elevation 418048.3 m,,45.4368,28.1132
14:32.1,587,night,IERS2010 latitude +45.9013 N longitude 29.3115 E elevation 418181.1 m,,45.9013,29.3115
14:47.5,588,night,IERS2010 latitude +46.3517 N longitude 30.5310 E elevation 418312.1 m,,46.3517,30.531
15:03.0,589,night,IERS2010 latitude +46.7875 N longitude 31.7714 E elevation 418441.3 m,,46.7875,31.7714
15:18.4,590,night,IERS2010 latitude +47.2081 N longitude 33.0325 E elevation 418568.4 m,,47.2081,33.0325
15:33.9,591,night,IERS2010 latitude +47.6131 N longitude 34.3145 E elevation 418693.3 m,,47.6131,34.3145
15:49.3,592,night,IERS2010 latitude +48.0021 N longitude 35.6170 E elevation 418815.9 m,,48.0021,35.617
16:04.8,593,night,IERS2010 latitude +48.3745 N longitude 36.9393 E elevation 418935.9 m,,48.3745,36.9393
16:20.2,594,night,IERS2010 latitude +48.7300 N longitude 38.2816 E elevation 419053.3 m,,48.73,38.2816
16:36.8,595,day,IERS2010 latitude +49.0680 N longitude 39.6434 E elevation 419167.8 m,,49.068,39.6434
16:53.4,596,day,IERS2010 latitude +49.4111 N longitude 41.1269 E elevation 419287.6 m,,49.4111,41.1269
17:10.0,597,day,IERS2010 latitude +49.7336 N longitude 42.6338 E elevation 419404.1 m,,49.7336,42.6338
17:26.6,598,day,IERS2010 latitude +50.0346 N longitude 44.1619 E elevation 419516.9 m,,50.0346,44.1619
17:43.2,599,day,IERS2010 latitude +50.3132 N longitude 45.7089 E elevation 419625.9 m,,50.3132,45.7089
17:59.9,600,day,IERS2010 latitude +50.5690 N longitude 47.2728 E elevation 419730.8 m,,50.569,47.2728
18:16.5,601,day,IERS2010 latitude +50.8019 N longitude 48.8562 E elevation 419831.8 m,,50.8019,48.8562
18:33.1,602,day,IERS2010 latitude +51.0116 N longitude 50.4578 E elevation 419928.8 m,,51.0116,50.4578
18:49.7,603,day,IERS2010 latitude +51.1964 N longitude 52.0659 E elevation 420021.1 m,,51.1964,52.0659
19:06.3,604,day,IERS2010 latitude +51.3569 N longitude 53.6866 E elevation 420109.0 m,,51.3569,53.6866
19:22.9,605,day,IERS2010 latitude +51.4931 N longitude 55.3204 E elevation 420192.6 m,,51.4931,55.3204
19:39.5,606,day,IERS2010 latitude +51.6045 N longitude 56.9635 E elevation 420271.6 m,,51.6045,56.9635
19:56.2,607,day,IERS2010 latitude +51.6911 N longitude 58.6191 E elevation 420346.3 m,,51.6911,58.6191
20:12.9,608,day,IERS2010 latitude +51.7523 N longitude 60.2819 E elevation 420416.4 m,,51.7523,60.2819
20:29.5,609,day,IERS2010 latitude +51.7879 N longitude 61.9464 E elevation 420481.6 m,,51.7879,61.9464
20:46.1,610,day,IERS2010 latitude +51.7980 N longitude 63.6099 E elevation 420542.1 m,,51.798,63.6099
21:02.4,611,day,IERS2010 latitude +51.7826 N longitude 65.2711 E elevation 420597.7 m,,51.7826,65.2711
21:19.0,612,day,IERS2010 latitude +51.7427 N longitude 66.9008 E elevation 420647.7 m,,51.7427,66.9008
21:35.6,613,day,IERS2010 latitude +51.6769 N longitude 68.5588 E elevation 420693.9 m,,51.6769,68.5588
21:52.3,614,day,IERS2010 latitude +51.5858 N longitude 70.2111 E elevation 420735.4 m,,51.5858,70.2111
22:08.9,615,day,IERS2010 latitude +51.4696 N longitude 71.8552 E elevation 420772.1 m,,51.4696,71.8552
22:25.5,616,day,IERS2010 latitude +51.3286 N longitude 73.4889 E elevation 420804.1 m,,51.3286,73.4889
22:42.1,617,day,IERS2010 latitude +51.1631 N longitude 75.1110 E elevation 420831.3 m,,51.1631,75.111
22:58.7,618,day,IERS2010 latitude +50.9735 N longitude 76.7183 E elevation 420853.9 m,,50.9735,76.7183
23:15.3,619,day,IERS2010 latitude +50.7599 N longitude 78.3130 E elevation 420872.0 m,,50.7599,78.313
23:32.0,620,day,IERS2010 latitude +50.5229 N longitude 79.8912 E elevation 420885.4 m,,50.5229,79.8912
23:48.6,621,day,IERS2010 latitude +50.2625 N longitude 81.4536 E elevation 420894.5 m,,50.2625,81.4536
24:05.2,622,day,IERS2010 latitude +49.9793 N longitude 82.9993 E elevation 420899.1 m,,49.9793,82.9993
24:21.8,623,day,IERS2010 latitude +49.6741 N longitude 84.5238 E elevation 420899.5 m,,49.6741,84.5238
24:38.0,624,day,IERS2010 latitude +49.3486 N longitude 86.0219 E elevation 420895.7 m,,49.3486,86.0219
24:54.5,625,day,IERS2010 latitude +49.0100 N longitude 87.4669 E elevation 420888.0 m,,49.01,87.4669
25:11.0,626,day,IERS2010 latitude +48.6449 N longitude 88.9172 E elevation 420876.4 m,,48.6449,88.9172
25:27.5,627,day,IERS2010 latitude +48.2603 N longitude 90.3446 E elevation 420860.9 m,,48.2603,90.3446
25:44.1,628,day,IERS2010 latitude +47.8560 N longitude 91.7508 E elevation 420841.8 m,,47.856,91.7508
26:00.6,629,day,IERS2010 latitude +47.4319 N longitude 93.1376 E elevation 420819.1 m,,47.4319,93.1376
26:17.2,630,day,IERS2010 latitude +46.9903 N longitude 94.4986 E elevation 420793.1 m,,46.9903,94.4986
26:33.7,631,day,IERS2010 latitude +46.5315 N longitude 95.8346 E elevation 420763.8 m,,46.5315,95.8346
26:50.3,632,day,IERS2010 latitude +46.0557 N longitude 97.1470 E elevation 420731.5 m,,46.0557,97.147
27:06.8,633,day,IERS2010 latitude +45.5617 N longitude 98.4399 E elevation 420696.1 m,,45.5617,98.4399
27:23.3,634,day,IERS2010 latitude +45.0523 N longitude 99.7073 E elevation 420658.0 m,,45.0523,99.7073
27:39.9,635,day,IERS2010 latitude +44.5297 N longitude 100.9460 E elevation 420617.6 m,,44.5297,100.946
27:56.4,636,day,IERS2010 latitude +43.9917 N longitude 102.1626 E elevation 420574.8 m,,43.9917,102.1626
28:12.9,637,day,IERS2010 latitude +43.4389 N longitude 103.3571 E elevation 420529.7 m,,43.4389,103.3571
28:29.4,638,day,IERS2010 latitude +42.8739 N longitude 104.5255 E elevation 420482.8 m,,42.8739,104.5255
28:45.9,639,day,IERS2010 latitude +42.2944 N longitude 105.6739 E elevation 420434.1 m,,42.2944,105.6739
29:02.4,640,day,IERS2010 latitude +41.7031 N longitude 106.7980 E elevation 420383.9 m,,41.7031,106.798
29:18.9,641,day,IERS2010 latitude +41.1023 N longitude 107.8957 E elevation 420332.5 m,,41.1023,107.8957
29:35.4,642,day,IERS2010 latitude +40.4851 N longitude 108.9803 E elevation 420279.6 m,,40.4851,108.9803
29:51.9,643,day,IERS2010 latitude +39.8593 N longitude 110.0393 E elevation 420226.1 m,,39.8593,110.0393
30:08.4,644,day,IERS2010 latitude +39.2222 N longitude 111.0785 E elevation 420171.8 m,,39.2222,111.0785
30:24.6,645,day,IERS2010 latitude +38.5743 N longitude 112.0984 E elevation 420117.1 m,,38.5743,112.0984
30:41.2,646,day,IERS2010 latitude +37.9278 N longitude 113.0817 E elevation 420063.0 m,,37.9278,113.0817
30:57.4,647,day,IERS2010 latitude +37.2582 N longitude 114.0666 E elevation 420007.8 m,,37.2582,114.0666
31:13.9,648,day,IERS2010 latitude +36.5944 N longitude 115.0119 E elevation 419954.0 m,,36.5944,115.0119
31:30.4,649,day,IERS2010 latitude +35.9101 N longitude 115.9562 E elevation 419899.8 m,,35.9101,115.9562
31:46.9,650,day,IERS2010 latitude +35.2168 N longitude 116.8837 E elevation 419846.1 m,,35.2168,116.8837
32:03.4,651,day,IERS2010 latitude +34.5163 N longitude 117.7932 E elevation 419793.5 m,,34.5163,117.7932
32:19.9,652,day,IERS2010 latitude +33.8072 N longitude 118.6874 E elevation 419741.9 m,,33.8072,118.6874
32:36.2,653,day,IERS2010 latitude +33.0887 N longitude 119.5682 E elevation 419691.6 m,,33.0887,119.5682
32:52.7,654,day,IERS2010 latitude +32.3767 N longitude 120.4174 E elevation 419643.9 m,,32.3767,120.4174
33:09.2,655,day,IERS2010 latitude +31.6457 N longitude 121.2666 E elevation 419597.1 m,,31.6457,121.2666
33:25.7,656,day,IERS2010 latitude +30.9091 N longitude 122.1003 E elevation 419552.5 m,,30.9091,122.1003
33:42.2,657,day,IERS2010 latitude +30.1645 N longitude 122.9222 E elevation 419510.1 m,,30.1645,122.9222
33:58.7,658,day,IERS2010 latitude +29.4155 N longitude 123.7290 E elevation 419470.4 m,,29.4155,123.729
34:14.9,659,day,IERS2010 latitude +28.6579 N longitude 124.5261 E elevation 419433.3 m,,28.6579,124.5261
34:31.1,660,day,IERS2010 latitude +27.9112 N longitude 125.2939 E elevation 419399.9 m,,27.9112,125.2939
34:47.7,661,day,IERS2010 latitude +27.1594 N longitude 126.0505 E elevation 419369.5 m,,27.1594,126.0505
35:04.2,662,day,IERS2010 latitude +26.3883 N longitude 126.8101 E elevation 419342.0 m,,26.3883,126.8101
35:20.8,663,day,IERS2010 latitude +25.6102 N longitude 127.5609 E elevation 419318.1 m,,25.6102,127.5609
35:37.3,664,day,IERS2010 latitude +24.8267 N longitude 128.3019 E elevation 419298.1 m,,24.8267,128.3019
35:53.9,665,day,IERS2010 latitude +24.0402 N longitude 129.0314 E elevation 419282.1 m,,24.0402,129.0314
36:10.5,666,day,IERS2010 latitude +23.2479 N longitude 129.7527 E elevation 419270.5 m,,23.2479,129.7527
36:27.1,667,day,IERS2010 latitude +22.4520 N longitude 130.4644 E elevation 419263.3 m,,22.452,130.4644
36:43.7,668,day,IERS2010 latitude +21.6510 N longitude 131.1683 E elevation 419260.8 m,,21.651,131.1683
37:00.4,669,day,IERS2010 latitude +20.8444 N longitude 131.8654 E elevation 419263.2 m,,20.8444,131.8654
37:16.9,670,day,IERS2010 latitude +20.0351 N longitude 132.5537 E elevation 419270.6 m,,20.0351,132.5537
37:33.4,671,day,IERS2010 latitude +19.2260 N longitude 133.2314 E elevation 419283.3 m,,19.226,133.2314
37:50.0,672,day,IERS2010 latitude +18.4149 N longitude 133.9010 E elevation 419301.3 m,,18.4149,133.901
